﻿<?xml version="1.0" encoding="utf-8"?><toc><breadcrumbs><li><a href="47f39355-ec5f-ade0-299f-eeb20413a487.htm">Docs</a></li><li><a href="47f39355-ec5f-ade0-299f-eeb20413a487.htm">App<wbr />Gestion<wbr />Personnel Namespaces</a></li></breadcrumbs><tocItems><li><a id="f6fa6843-a69d-b250-4dd5-59df2b9e8559" class="has-submenu" href="f6fa6843-a69d-b250-4dd5-59df2b9e8559.htm"><span data-tocFile="../toc/IDAA.xml" class="icon toggle" onclick="ToggleExpandCollapse(this); return false;"><i class="fa fa-angle-right"> </i></span>App<wbr />Gestion<wbr />Personnel</a><ul class="toc-menu is-hidden"> </ul></li><li><a id="760ec31f-81f5-0a55-9bbe-c7d059561ff2" class="has-submenu" href="760ec31f-81f5-0a55-9bbe-c7d059561ff2.htm"><span data-tocFile="../toc/IDBA.xml" class="icon toggle" onclick="ToggleExpandCollapse(this); return false;"><i class="fa fa-angle-right"> </i></span>App<wbr />Gestion<wbr />Personnel.<wbr />bddmanager</a><ul class="toc-menu is-hidden"> </ul></li><li><a id="a076bae8-cc88-d9fc-0f0f-b8c26bb15a93" class="has-submenu" href="a076bae8-cc88-d9fc-0f0f-b8c26bb15a93.htm"><span data-tocFile="../toc/IDCA.xml" class="icon toggle" onclick="ToggleExpandCollapse(this); return false;"><i class="fa fa-angle-right"> </i></span>App<wbr />Gestion<wbr />Personnel.<wbr />controller</a><ul class="toc-menu is-hidden"> </ul></li><li><a id="450288b4-0575-c601-95a1-0cb5d953099e" class="has-submenu" href="450288b4-0575-c601-95a1-0cb5d953099e.htm"><span data-tocFile="../toc/IDDA.xml" class="icon toggle" onclick="ToggleExpandCollapse(this); return false;"><i class="fa fa-angle-right"> </i></span>App<wbr />Gestion<wbr />Personnel.<wbr />dal</a><ul class="toc-menu is-hidden"> </ul></li><li><a id="4fca15c1-cef6-ad64-4a4e-3572dc0cdbdd" class="has-submenu" href="4fca15c1-cef6-ad64-4a4e-3572dc0cdbdd.htm"><span data-tocFile="../toc/IDEA.xml" class="icon toggle" onclick="ToggleExpandCollapse(this); return false;"><i class="fa fa-angle-right"> </i></span>App<wbr />Gestion<wbr />Personnel.<wbr />model</a><ul class="toc-menu is-hidden"> </ul></li><li><a id="48c04bdd-c76e-de5c-4b4e-130febae21e7" class="has-submenu" href="48c04bdd-c76e-de5c-4b4e-130febae21e7.htm"><span data-tocFile="../toc/IDFA.xml" class="icon toggle" onclick="ToggleExpandCollapse(this); return false;"><i class="fa fa-angle-right"> </i></span>App<wbr />Gestion<wbr />Personnel.<wbr />view</a><ul class="toc-menu is-hidden"> </ul></li></tocItems></toc>