﻿<?xml version="1.0" encoding="utf-8"?><toc><breadcrumbs><li><a href="47f39355-ec5f-ade0-299f-eeb20413a487.htm">Docs</a></li><li><a href="47f39355-ec5f-ade0-299f-eeb20413a487.htm">App<wbr />Gestion<wbr />Personnel Namespaces</a></li><li><a href="f6fa6843-a69d-b250-4dd5-59df2b9e8559.htm">App<wbr />Gestion<wbr />Personnel</a></li><li><a href="03372d12-566d-92b3-e1fa-21ecaea1e957.htm">App<wbr />Gestion<wbr />Personnel<wbr />Doc</a></li></breadcrumbs><tocItems><li><a id="88290f11-3d2a-ab03-fb09-4c9d77da2779" href="88290f11-3d2a-ab03-fb09-4c9d77da2779.htm">Constructor</a></li></tocItems></toc>