﻿<?xml version="1.0" encoding="utf-8"?><toc><breadcrumbs><li><a href="47f39355-ec5f-ade0-299f-eeb20413a487.htm">Docs</a></li><li><a href="47f39355-ec5f-ade0-299f-eeb20413a487.htm">App<wbr />Gestion<wbr />Personnel Namespaces</a></li><li><a href="f6fa6843-a69d-b250-4dd5-59df2b9e8559.htm">App<wbr />Gestion<wbr />Personnel</a></li></breadcrumbs><tocItems><li><a id="03372d12-566d-92b3-e1fa-21ecaea1e957" class="has-submenu" href="03372d12-566d-92b3-e1fa-21ecaea1e957.htm"><span data-tocFile="../toc/IDAAA.xml" class="icon toggle" onclick="ToggleExpandCollapse(this); return false;"><i class="fa fa-angle-right"> </i></span>App<wbr />Gestion<wbr />Personnel<wbr />Doc</a><ul class="toc-menu is-hidden"> </ul></li><li><a id="eee00923-e9fb-8ca4-af01-18570511372f" class="has-submenu" href="eee00923-e9fb-8ca4-af01-18570511372f.htm"><span data-tocFile="../toc/IDBAA.xml" class="icon toggle" onclick="ToggleExpandCollapse(this); return false;"><i class="fa fa-angle-right"> </i></span>Program</a><ul class="toc-menu is-hidden"> </ul></li></tocItems></toc>