﻿<?xml version="1.0" encoding="utf-8"?><toc><breadcrumbs><li><a href="47f39355-ec5f-ade0-299f-eeb20413a487.htm">Docs</a></li><li><a href="47f39355-ec5f-ade0-299f-eeb20413a487.htm">App<wbr />Gestion<wbr />Personnel Namespaces</a></li><li><a href="760ec31f-81f5-0a55-9bbe-c7d059561ff2.htm">App<wbr />Gestion<wbr />Personnel.<wbr />bddmanager</a></li><li><a href="90479a5b-b4bc-9ce4-9e09-20b27173af3a.htm">Bdd<wbr />Manager</a></li></breadcrumbs><tocItems><li><a id="b5ef270e-1c2c-a0ec-fc82-feed2f65f96d" href="b5ef270e-1c2c-a0ec-fc82-feed2f65f96d.htm">Constructor</a></li><li><a id="3c6f3f05-505b-c5c5-3445-3771ae309a24" class="has-submenu" href="3c6f3f05-505b-c5c5-3445-3771ae309a24.htm"><span data-tocFile="../toc/IDBABA.xml" class="icon toggle" onclick="ToggleExpandCollapse(this); return false;"><i class="fa fa-angle-right"> </i></span>Methods</a><ul class="toc-menu is-hidden"> </ul></li><li><a id="9388a63f-45a4-218e-b28b-8b72eff8890e" class="has-submenu" href="9388a63f-45a4-218e-b28b-8b72eff8890e.htm"><span data-tocFile="../toc/IDCABA.xml" class="icon toggle" onclick="ToggleExpandCollapse(this); return false;"><i class="fa fa-angle-right"> </i></span>Fields</a><ul class="toc-menu is-hidden"> </ul></li></tocItems></toc>