﻿<?xml version="1.0" encoding="utf-8"?><toc><breadcrumbs><li><a href="47f39355-ec5f-ade0-299f-eeb20413a487.htm">Docs</a></li><li><a href="47f39355-ec5f-ade0-299f-eeb20413a487.htm">App<wbr />Gestion<wbr />Personnel Namespaces</a></li><li><a href="f6fa6843-a69d-b250-4dd5-59df2b9e8559.htm">App<wbr />Gestion<wbr />Personnel</a></li><li><a href="eee00923-e9fb-8ca4-af01-18570511372f.htm">Program</a></li><li><a href="f2963eed-9bd4-5d62-3b37-af40a337cce2.htm">Methods</a></li></breadcrumbs><tocItems><li><a id="7d6adc01-ec41-f4dd-e77b-ebd2dd3aad85" href="7d6adc01-ec41-f4dd-e77b-ebd2dd3aad85.htm">Main</a></li></tocItems></toc>