﻿<?xml version="1.0" encoding="utf-8"?><toc><breadcrumbs><li><a href="47f39355-ec5f-ade0-299f-eeb20413a487.htm">Docs</a></li><li><a href="47f39355-ec5f-ade0-299f-eeb20413a487.htm">App<wbr />Gestion<wbr />Personnel Namespaces</a></li><li><a href="a076bae8-cc88-d9fc-0f0f-b8c26bb15a93.htm">App<wbr />Gestion<wbr />Personnel.<wbr />controller</a></li><li><a href="b717f299-08b0-67fb-9bbe-8dae6ef7de4d.htm">App<wbr />Gestion<wbr />Personnel<wbr />Controller<wbr />Doc</a></li></breadcrumbs><tocItems><li><a id="e0c8779c-3838-d644-3eea-6c55bbc1f84f" href="e0c8779c-3838-d644-3eea-6c55bbc1f84f.htm">Constructor</a></li></tocItems></toc>