﻿<?xml version="1.0" encoding="utf-8"?><toc><breadcrumbs><li><a href="47f39355-ec5f-ade0-299f-eeb20413a487.htm">Docs</a></li><li><a href="47f39355-ec5f-ade0-299f-eeb20413a487.htm">App<wbr />Gestion<wbr />Personnel Namespaces</a></li><li><a href="a076bae8-cc88-d9fc-0f0f-b8c26bb15a93.htm">App<wbr />Gestion<wbr />Personnel.<wbr />controller</a></li><li><a href="48fa1fe2-02b8-0288-c9f1-76fdab0a04f0.htm">Frm<wbr />Authentification<wbr />Controller</a></li></breadcrumbs><tocItems><li><a id="b76ea906-67b4-9c52-0a6e-50085f86abce" href="b76ea906-67b4-9c52-0a6e-50085f86abce.htm">Constructor</a></li><li><a id="2386ddac-d7e8-913d-627e-67f5902cb356" class="has-submenu" href="2386ddac-d7e8-913d-627e-67f5902cb356.htm"><span data-tocFile="../toc/IDBACA.xml" class="icon toggle" onclick="ToggleExpandCollapse(this); return false;"><i class="fa fa-angle-right"> </i></span>Methods</a><ul class="toc-menu is-hidden"> </ul></li><li><a id="af035b98-089f-8baa-9b36-59a89f77e23a" class="has-submenu" href="af035b98-089f-8baa-9b36-59a89f77e23a.htm"><span data-tocFile="../toc/IDCACA.xml" class="icon toggle" onclick="ToggleExpandCollapse(this); return false;"><i class="fa fa-angle-right"> </i></span>Fields</a><ul class="toc-menu is-hidden"> </ul></li></tocItems></toc>