﻿<?xml version="1.0" encoding="utf-8"?><toc><breadcrumbs><li><a href="47f39355-ec5f-ade0-299f-eeb20413a487.htm">Docs</a></li><li><a href="47f39355-ec5f-ade0-299f-eeb20413a487.htm">App<wbr />Gestion<wbr />Personnel Namespaces</a></li><li><a href="450288b4-0575-c601-95a1-0cb5d953099e.htm">App<wbr />Gestion<wbr />Personnel.<wbr />dal</a></li><li><a href="a4dae075-1a0f-393b-d86c-c375c62c5538.htm">Absences<wbr />Access</a></li></breadcrumbs><tocItems><li><a id="d777b382-5697-5610-0135-f0424b1a5171" href="d777b382-5697-5610-0135-f0424b1a5171.htm">Constructor</a></li><li><a id="5ef106b9-3b30-87b5-d958-4410c23851fb" class="has-submenu" href="5ef106b9-3b30-87b5-d958-4410c23851fb.htm"><span data-tocFile="../toc/IDBADA.xml" class="icon toggle" onclick="ToggleExpandCollapse(this); return false;"><i class="fa fa-angle-right"> </i></span>Methods</a><ul class="toc-menu is-hidden"> </ul></li><li><a id="0c87f6c7-dc3d-9749-8a8e-08f61fe98a2e" class="has-submenu" href="0c87f6c7-dc3d-9749-8a8e-08f61fe98a2e.htm"><span data-tocFile="../toc/IDCADA.xml" class="icon toggle" onclick="ToggleExpandCollapse(this); return false;"><i class="fa fa-angle-right"> </i></span>Fields</a><ul class="toc-menu is-hidden"> </ul></li></tocItems></toc>