﻿<?xml version="1.0" encoding="utf-8"?><toc><breadcrumbs><li><a href="47f39355-ec5f-ade0-299f-eeb20413a487.htm">Docs</a></li><li><a href="47f39355-ec5f-ade0-299f-eeb20413a487.htm">App<wbr />Gestion<wbr />Personnel Namespaces</a></li><li><a href="4fca15c1-cef6-ad64-4a4e-3572dc0cdbdd.htm">App<wbr />Gestion<wbr />Personnel.<wbr />model</a></li><li><a href="a5e6497d-9715-5512-ebe2-922bf11e3569.htm">Absences</a></li></breadcrumbs><tocItems><li><a id="af5c04b4-7688-e164-6f86-a5c108e3fa2f" href="af5c04b4-7688-e164-6f86-a5c108e3fa2f.htm">Constructor</a></li><li><a id="e1f361c5-4769-dd1c-ea55-83ad8bc4f596" class="has-submenu" href="e1f361c5-4769-dd1c-ea55-83ad8bc4f596.htm"><span data-tocFile="../toc/IDBAEA.xml" class="icon toggle" onclick="ToggleExpandCollapse(this); return false;"><i class="fa fa-angle-right"> </i></span>Properties</a><ul class="toc-menu is-hidden"> </ul></li></tocItems></toc>