﻿<?xml version="1.0" encoding="utf-8"?><toc><breadcrumbs><li><a href="47f39355-ec5f-ade0-299f-eeb20413a487.htm">Docs</a></li><li><a href="47f39355-ec5f-ade0-299f-eeb20413a487.htm">App<wbr />Gestion<wbr />Personnel Namespaces</a></li><li><a href="48c04bdd-c76e-de5c-4b4e-130febae21e7.htm">App<wbr />Gestion<wbr />Personnel.<wbr />view</a></li><li><a href="5fcacac7-0397-00b5-2d7d-5ed84a9980d2.htm">Frm<wbr />Authentification</a></li></breadcrumbs><tocItems><li><a id="1cb6f0a5-2871-2b22-16aa-8f7f5bf38644" href="1cb6f0a5-2871-2b22-16aa-8f7f5bf38644.htm">Constructor</a></li><li><a id="56817572-96d6-497b-8246-5c17507d3ed2" class="has-submenu" href="56817572-96d6-497b-8246-5c17507d3ed2.htm"><span data-tocFile="../toc/IDBAFA.xml" class="icon toggle" onclick="ToggleExpandCollapse(this); return false;"><i class="fa fa-angle-right"> </i></span>Methods</a><ul class="toc-menu is-hidden"> </ul></li><li><a id="08ddae8d-c7c7-d25d-3a15-dbe800d315b6" class="has-submenu" href="08ddae8d-c7c7-d25d-3a15-dbe800d315b6.htm"><span data-tocFile="../toc/IDCAFA.xml" class="icon toggle" onclick="ToggleExpandCollapse(this); return false;"><i class="fa fa-angle-right"> </i></span>Fields</a><ul class="toc-menu is-hidden"> </ul></li></tocItems></toc>