﻿<?xml version="1.0" encoding="utf-8"?><toc><breadcrumbs><li><a href="47f39355-ec5f-ade0-299f-eeb20413a487.htm">Docs</a></li><li><a href="47f39355-ec5f-ade0-299f-eeb20413a487.htm">App<wbr />Gestion<wbr />Personnel Namespaces</a></li><li><a href="a076bae8-cc88-d9fc-0f0f-b8c26bb15a93.htm">App<wbr />Gestion<wbr />Personnel.<wbr />controller</a></li><li><a href="48fa1fe2-02b8-0288-c9f1-76fdab0a04f0.htm">Frm<wbr />Authentification<wbr />Controller</a></li><li><a href="2386ddac-d7e8-913d-627e-67f5902cb356.htm">Methods</a></li></breadcrumbs><tocItems><li><a id="62a04bc8-6a37-3272-408a-7d3ea4065e89" href="62a04bc8-6a37-3272-408a-7d3ea4065e89.htm">Controle<wbr />Authentification</a></li></tocItems></toc>