﻿<?xml version="1.0" encoding="utf-8"?><toc><breadcrumbs><li><a href="47f39355-ec5f-ade0-299f-eeb20413a487.htm">Docs</a></li><li><a href="47f39355-ec5f-ade0-299f-eeb20413a487.htm">App<wbr />Gestion<wbr />Personnel Namespaces</a></li><li><a href="48c04bdd-c76e-de5c-4b4e-130febae21e7.htm">App<wbr />Gestion<wbr />Personnel.<wbr />view</a></li><li><a href="5fcacac7-0397-00b5-2d7d-5ed84a9980d2.htm">Frm<wbr />Authentification</a></li><li><a href="56817572-96d6-497b-8246-5c17507d3ed2.htm">Methods</a></li></breadcrumbs><tocItems><li><a id="c9dbe83b-dbe2-1b1c-b15d-fa3706355d7e" href="c9dbe83b-dbe2-1b1c-b15d-fa3706355d7e.htm">Btn<wbr />Connexion_<wbr />Click</a></li><li><a id="ba8cd9cc-3ffa-a5f5-df4a-6bd1a212529e" href="ba8cd9cc-3ffa-a5f5-df4a-6bd1a212529e.htm">Dispose</a></li><li><a id="1cca5682-9a96-ebce-b767-dba3ee35dfdb" href="1cca5682-9a96-ebce-b767-dba3ee35dfdb.htm">Init</a></li><li><a id="8e221c76-c25c-cb24-e5df-4b7432c40259" href="8e221c76-c25c-cb24-e5df-4b7432c40259.htm">Initialize<wbr />Component</a></li></tocItems></toc>