﻿<?xml version="1.0" encoding="utf-8"?><toc><breadcrumbs><li><a href="47f39355-ec5f-ade0-299f-eeb20413a487.htm">Docs</a></li><li><a href="47f39355-ec5f-ade0-299f-eeb20413a487.htm">App<wbr />Gestion<wbr />Personnel Namespaces</a></li><li><a href="760ec31f-81f5-0a55-9bbe-c7d059561ff2.htm">App<wbr />Gestion<wbr />Personnel.<wbr />bddmanager</a></li></breadcrumbs><tocItems><li><a id="90479a5b-b4bc-9ce4-9e09-20b27173af3a" class="has-submenu" href="90479a5b-b4bc-9ce4-9e09-20b27173af3a.htm"><span data-tocFile="../toc/IDABA.xml" class="icon toggle" onclick="ToggleExpandCollapse(this); return false;"><i class="fa fa-angle-right"> </i></span>Bdd<wbr />Manager</a><ul class="toc-menu is-hidden"> </ul></li></tocItems></toc>