﻿<?xml version="1.0" encoding="utf-8"?><toc><breadcrumbs><li><a href="47f39355-ec5f-ade0-299f-eeb20413a487.htm">Docs</a></li><li><a href="47f39355-ec5f-ade0-299f-eeb20413a487.htm">App<wbr />Gestion<wbr />Personnel Namespaces</a></li><li><a href="4fca15c1-cef6-ad64-4a4e-3572dc0cdbdd.htm">App<wbr />Gestion<wbr />Personnel.<wbr />model</a></li><li><a href="a5e6497d-9715-5512-ebe2-922bf11e3569.htm">Absences</a></li><li><a href="e1f361c5-4769-dd1c-ea55-83ad8bc4f596.htm">Properties</a></li></breadcrumbs><tocItems><li><a id="a24ef119-b7c1-05bf-aae1-f36de475b5ae" href="a24ef119-b7c1-05bf-aae1-f36de475b5ae.htm">Absence<wbr />Id</a></li><li><a id="4843c030-6202-e626-5ad4-a2c3bbe6208c" href="4843c030-6202-e626-5ad4-a2c3bbe6208c.htm">Datedebut</a></li><li><a id="07d34c4a-e2bf-79dc-2559-cb024320dee8" href="07d34c4a-e2bf-79dc-2559-cb024320dee8.htm">Datefin</a></li><li><a id="35c59ab9-c89b-ec75-16fe-24899362d4e8" href="35c59ab9-c89b-ec75-16fe-24899362d4e8.htm">Idpersonnel</a></li><li><a id="b0ce0d11-20c0-3a5e-25e8-008bf1b0c792" href="b0ce0d11-20c0-3a5e-25e8-008bf1b0c792.htm">Motif</a></li></tocItems></toc>