﻿<?xml version="1.0" encoding="utf-8"?><toc><breadcrumbs><li><a href="47f39355-ec5f-ade0-299f-eeb20413a487.htm">Docs</a></li><li><a href="47f39355-ec5f-ade0-299f-eeb20413a487.htm">App<wbr />Gestion<wbr />Personnel Namespaces</a></li><li><a href="450288b4-0575-c601-95a1-0cb5d953099e.htm">App<wbr />Gestion<wbr />Personnel.<wbr />dal</a></li><li><a href="a4dae075-1a0f-393b-d86c-c375c62c5538.htm">Absences<wbr />Access</a></li><li><a href="5ef106b9-3b30-87b5-d958-4410c23851fb.htm">Methods</a></li></breadcrumbs><tocItems><li><a id="e4789c8b-70f6-e61f-ef93-502067700051" href="e4789c8b-70f6-e61f-ef93-502067700051.htm">Ajout<wbr />Absence</a></li><li><a id="9e558043-bd31-0c87-9c8e-72495948b32b" href="9e558043-bd31-0c87-9c8e-72495948b32b.htm">Get<wbr />Les<wbr />Absences</a></li><li><a id="061001fd-0484-728d-7488-4ae40f0e1b8f" href="061001fd-0484-728d-7488-4ae40f0e1b8f.htm">Modifier<wbr />Absence</a></li><li><a id="fe3ad8d0-c0ae-2ac6-bdc0-08c2e21a5a91" href="fe3ad8d0-c0ae-2ac6-bdc0-08c2e21a5a91.htm">Supprimer<wbr />Absence</a></li></tocItems></toc>