﻿<?xml version="1.0" encoding="utf-8"?><toc><breadcrumbs><li><a href="47f39355-ec5f-ade0-299f-eeb20413a487.htm">Docs</a></li><li><a href="47f39355-ec5f-ade0-299f-eeb20413a487.htm">App<wbr />Gestion<wbr />Personnel Namespaces</a></li><li><a href="48c04bdd-c76e-de5c-4b4e-130febae21e7.htm">App<wbr />Gestion<wbr />Personnel.<wbr />view</a></li><li><a href="c26fcd1c-d66f-26d1-c3fa-1cdea0f3be67.htm">Frm<wbr />Gestion<wbr />Absences</a></li><li><a href="bcbf8640-ec9e-8f53-e8e4-48ead8d9e5ae.htm">Methods</a></li></breadcrumbs><tocItems><li><a id="2a80224c-0953-efd0-bbe6-614eae030e00" href="2a80224c-0953-efd0-bbe6-614eae030e00.htm">btn<wbr />Ajout<wbr />Absence_<wbr />Click</a></li><li><a id="bdc4829a-87e5-1ed4-d51e-d13c7cb37ed6" href="bdc4829a-87e5-1ed4-d51e-d13c7cb37ed6.htm">btn<wbr />Annuler<wbr />Action_<wbr />Click</a></li><li><a id="b680191d-0cfe-08ca-807a-613962b6d5be" href="b680191d-0cfe-08ca-807a-613962b6d5be.htm">btn<wbr />Enregistrer<wbr />Absence_<wbr />Click</a></li><li><a id="c33e3936-6840-f090-2358-270e084ce05c" href="c33e3936-6840-f090-2358-270e084ce05c.htm">btn<wbr />Enregistrer<wbr />Modifications_<wbr />Click</a></li><li><a id="d2d723dd-ae84-8dcd-0ece-9dc4112594f2" href="d2d723dd-ae84-8dcd-0ece-9dc4112594f2.htm">btn<wbr />Modif<wbr />Absence_<wbr />Click</a></li><li><a id="f18e9f06-317e-fa33-703f-6dc32948b8b0" href="f18e9f06-317e-fa33-703f-6dc32948b8b0.htm">btn<wbr />Retour<wbr />Personnel_<wbr />Click</a></li><li><a id="6a5fe6db-17c4-4d47-e76c-d5399e029e84" href="6a5fe6db-17c4-4d47-e76c-d5399e029e84.htm">btn<wbr />Supprimer<wbr />Absence_<wbr />Click</a></li><li><a id="d3433cea-75bc-0448-3779-eeed7ed911e1" href="d3433cea-75bc-0448-3779-eeed7ed911e1.htm">Dispose</a></li><li><a id="7b942587-0ad9-4081-7a04-31d44b05cc90" href="7b942587-0ad9-4081-7a04-31d44b05cc90.htm">Init</a></li><li><a id="f6066401-c02b-9556-c674-e61f63d6b0ac" href="f6066401-c02b-9556-c674-e61f63d6b0ac.htm">Initialize<wbr />Component</a></li><li><a id="240d172d-4f3a-ebb5-5a41-5cbb8e292150" href="240d172d-4f3a-ebb5-5a41-5cbb8e292150.htm">Reinitialiser<wbr />Formulaire</a></li><li><a id="bc9620d8-c052-234d-2330-44f58d6d297c" href="bc9620d8-c052-234d-2330-44f58d6d297c.htm">Remplir<wbr />Liste<wbr />Absences</a></li><li><a id="06cde309-6326-2c6b-4c18-6ebff7161494" href="06cde309-6326-2c6b-4c18-6ebff7161494.htm">Remplir<wbr />Liste<wbr />Motifs</a></li></tocItems></toc>