﻿<?xml version="1.0" encoding="utf-8"?><toc><breadcrumbs><li><a href="47f39355-ec5f-ade0-299f-eeb20413a487.htm">Docs</a></li><li><a href="47f39355-ec5f-ade0-299f-eeb20413a487.htm">App<wbr />Gestion<wbr />Personnel Namespaces</a></li><li><a href="4fca15c1-cef6-ad64-4a4e-3572dc0cdbdd.htm">App<wbr />Gestion<wbr />Personnel.<wbr />model</a></li><li><a href="d30c9d2d-dda3-77d8-1d16-9243d855b140.htm">Motif</a></li><li><a href="38eee9bc-bde5-d2c9-c6b8-2dfdcd567e36.htm">Properties</a></li></breadcrumbs><tocItems><li><a id="3c7da2be-d7a0-cc82-7471-e25036a2df27" href="3c7da2be-d7a0-cc82-7471-e25036a2df27.htm">Idmotif</a></li><li><a id="2d96c417-e41d-8f95-511a-19019c505cbd" href="2d96c417-e41d-8f95-511a-19019c505cbd.htm">Libelle</a></li></tocItems></toc>