﻿<?xml version="1.0" encoding="utf-8"?><toc><breadcrumbs><li><a href="47f39355-ec5f-ade0-299f-eeb20413a487.htm">Docs</a></li><li><a href="47f39355-ec5f-ade0-299f-eeb20413a487.htm">App<wbr />Gestion<wbr />Personnel Namespaces</a></li><li><a href="48c04bdd-c76e-de5c-4b4e-130febae21e7.htm">App<wbr />Gestion<wbr />Personnel.<wbr />view</a></li><li><a href="6dc9596b-0f64-5bd4-87b3-d1215ec3fec3.htm">Frm<wbr />Gestion<wbr />Personnel</a></li><li><a href="f0fa36b2-befc-d0d0-6566-fca4f7c6a0e6.htm">Methods</a></li></breadcrumbs><tocItems><li><a id="9c35fab8-8e53-0e3a-74b5-f9b834217b2a" href="9c35fab8-8e53-0e3a-74b5-f9b834217b2a.htm">Btn<wbr />Afficher<wbr />Absences_<wbr />Click</a></li><li><a id="8a5d23d4-3a7f-9bff-5438-3c5da50d16ad" href="8a5d23d4-3a7f-9bff-5438-3c5da50d16ad.htm">Btn<wbr />Ajouter<wbr />Personnel_<wbr />Click</a></li><li><a id="f90d820d-b7b3-5dee-93d4-7ef8633f7705" href="f90d820d-b7b3-5dee-93d4-7ef8633f7705.htm">Btn<wbr />Annuler_<wbr />Click</a></li><li><a id="fd1bc0f6-10d1-489b-46a9-9f6d13d403aa" href="fd1bc0f6-10d1-489b-46a9-9f6d13d403aa.htm">Btn<wbr />Deconnexion_<wbr />Click</a></li><li><a id="1406728d-dc20-8f2a-749d-4a80af7e4aec" href="1406728d-dc20-8f2a-749d-4a80af7e4aec.htm">Btn<wbr />Modifier<wbr />Personnel_<wbr />Click</a></li><li><a id="1595a66d-9db8-db2a-e7ad-89e4d0b768ad" href="1595a66d-9db8-db2a-e7ad-89e4d0b768ad.htm">Btn<wbr />Supprimer<wbr />Personnel_<wbr />Click</a></li><li><a id="67bb5dd6-8a8a-7de3-50da-db353987f468" href="67bb5dd6-8a8a-7de3-50da-db353987f468.htm">Btn<wbr />Valider<wbr />Ajout_<wbr />Click</a></li><li><a id="55d62d8c-2d2d-ec0c-552c-6b95d7af301b" href="55d62d8c-2d2d-ec0c-552c-6b95d7af301b.htm">Btn<wbr />Valider<wbr />Modif_<wbr />Click</a></li><li><a id="b77276c6-853e-4d73-15bc-9dfb18efb26f" href="b77276c6-853e-4d73-15bc-9dfb18efb26f.htm">Dispose</a></li><li><a id="96c1c580-efa5-e172-9b5f-ebe515a6ea89" href="96c1c580-efa5-e172-9b5f-ebe515a6ea89.htm">Init</a></li><li><a id="0c775482-ae96-8885-65f1-1b33b3a990f3" href="0c775482-ae96-8885-65f1-1b33b3a990f3.htm">Initialize<wbr />Component</a></li><li><a id="ceaaf408-50be-640a-3ba8-a0ab24b5e5a1" href="ceaaf408-50be-640a-3ba8-a0ab24b5e5a1.htm">Remplir<wbr />Liste<wbr />Personnel</a></li><li><a id="dce740d5-68da-a0e6-5608-644445a90d10" href="dce740d5-68da-a0e6-5608-644445a90d10.htm">Remplir<wbr />Liste<wbr />Service</a></li><li><a id="1363061e-887f-4b7b-2243-cce242476d27" href="1363061e-887f-4b7b-2243-cce242476d27.htm">Vider<wbr />Champs<wbr />Texte</a></li></tocItems></toc>