﻿<?xml version="1.0" encoding="utf-8"?><toc><breadcrumbs><li><a href="47f39355-ec5f-ade0-299f-eeb20413a487.htm">Docs</a></li><li><a href="47f39355-ec5f-ade0-299f-eeb20413a487.htm">App<wbr />Gestion<wbr />Personnel Namespaces</a></li><li><a href="4fca15c1-cef6-ad64-4a4e-3572dc0cdbdd.htm">App<wbr />Gestion<wbr />Personnel.<wbr />model</a></li><li><a href="3c81163c-46aa-6d90-e28c-eb454218cae5.htm">Personnel</a></li><li><a href="1ad04b2f-33b1-c87d-6e9d-7107b349823c.htm">Properties</a></li></breadcrumbs><tocItems><li><a id="db4c65d4-93a9-d282-8259-962ed9b91cfa" href="db4c65d4-93a9-d282-8259-962ed9b91cfa.htm">Idpersonnel</a></li><li><a id="35fdad7d-f697-1773-3a99-4a81dbd848f0" href="35fdad7d-f697-1773-3a99-4a81dbd848f0.htm">Mail</a></li><li><a id="1ce08283-0ced-0636-6fa9-463583fbfcf7" href="1ce08283-0ced-0636-6fa9-463583fbfcf7.htm">Nom</a></li><li><a id="430a62b7-d4b2-1f06-37c8-aa80a9903792" href="430a62b7-d4b2-1f06-37c8-aa80a9903792.htm">Prenom</a></li><li><a id="4d59b7d7-96d9-00a3-df00-8727f58a4774" href="4d59b7d7-96d9-00a3-df00-8727f58a4774.htm">Service</a></li><li><a id="fc1064d4-80fa-0835-6b94-380c40bee5e8" href="fc1064d4-80fa-0835-6b94-380c40bee5e8.htm">Tel</a></li></tocItems></toc>