﻿<?xml version="1.0" encoding="utf-8"?><toc><breadcrumbs><li><a href="47f39355-ec5f-ade0-299f-eeb20413a487.htm">Docs</a></li><li><a href="47f39355-ec5f-ade0-299f-eeb20413a487.htm">App<wbr />Gestion<wbr />Personnel Namespaces</a></li><li><a href="a076bae8-cc88-d9fc-0f0f-b8c26bb15a93.htm">App<wbr />Gestion<wbr />Personnel.<wbr />controller</a></li><li><a href="bea3a3e1-4f65-177f-5e1e-418a3b720bba.htm">Frm<wbr />Gestion<wbr />Personnel<wbr />Controller</a></li><li><a href="9725c377-4260-1c5b-8928-100b6b843c99.htm">Methods</a></li></breadcrumbs><tocItems><li><a id="86cf5146-6330-83ad-b45e-b9551c9eb882" href="86cf5146-6330-83ad-b45e-b9551c9eb882.htm">Ajout<wbr />Personnel</a></li><li><a id="e7665281-235c-c503-4c1b-b58eb3b306f7" href="e7665281-235c-c503-4c1b-b58eb3b306f7.htm">Get<wbr />Les<wbr />Personnels</a></li><li><a id="36f54048-df9c-6841-837c-0157c3310a47" href="36f54048-df9c-6841-837c-0157c3310a47.htm">Get<wbr />Les<wbr />Services</a></li><li><a id="230cca8e-c971-f2ca-58c3-4f183cb6198a" href="230cca8e-c971-f2ca-58c3-4f183cb6198a.htm">Modifier<wbr />Personnel</a></li><li><a id="0b6f4391-f1ed-8f8a-ab9c-311fbed718dc" href="0b6f4391-f1ed-8f8a-ab9c-311fbed718dc.htm">Supprimer<wbr />Personnel</a></li></tocItems></toc>