﻿<?xml version="1.0" encoding="utf-8"?><toc><breadcrumbs><li><a href="47f39355-ec5f-ade0-299f-eeb20413a487.htm">Docs</a></li><li><a href="47f39355-ec5f-ade0-299f-eeb20413a487.htm">App<wbr />Gestion<wbr />Personnel Namespaces</a></li><li><a href="450288b4-0575-c601-95a1-0cb5d953099e.htm">App<wbr />Gestion<wbr />Personnel.<wbr />dal</a></li><li><a href="476c02ea-2d26-f54f-395a-2d4e009b041a.htm">Motif<wbr />Access</a></li><li><a href="8f6f2f8d-0ea4-06da-ae3b-32ea24e20803.htm">Methods</a></li></breadcrumbs><tocItems><li><a id="a0f8d3f7-bcd8-b69e-4036-e79c05812c9b" href="a0f8d3f7-bcd8-b69e-4036-e79c05812c9b.htm">Get<wbr />Les<wbr />Motifs</a></li></tocItems></toc>