﻿<?xml version="1.0" encoding="utf-8"?><toc><breadcrumbs><li><a href="47f39355-ec5f-ade0-299f-eeb20413a487.htm">Docs</a></li><li><a href="47f39355-ec5f-ade0-299f-eeb20413a487.htm">App<wbr />Gestion<wbr />Personnel Namespaces</a></li><li><a href="a076bae8-cc88-d9fc-0f0f-b8c26bb15a93.htm">App<wbr />Gestion<wbr />Personnel.<wbr />controller</a></li><li><a href="c49d1bb1-0228-b41f-5be9-da52fffbec79.htm">Frm<wbr />Gestion<wbr />Absences<wbr />Controller</a></li></breadcrumbs><tocItems><li><a id="b0fb5517-660f-9abf-ae60-a69fa4d42404" href="b0fb5517-660f-9abf-ae60-a69fa4d42404.htm">Constructor</a></li><li><a id="6979697e-4a27-66a3-1f46-1cac1a4a3c99" class="has-submenu" href="6979697e-4a27-66a3-1f46-1cac1a4a3c99.htm"><span data-tocFile="../toc/IDBBCA.xml" class="icon toggle" onclick="ToggleExpandCollapse(this); return false;"><i class="fa fa-angle-right"> </i></span>Methods</a><ul class="toc-menu is-hidden"> </ul></li><li><a id="5a58e0e6-936c-ee9a-a5ae-45c34d01ea29" class="has-submenu" href="5a58e0e6-936c-ee9a-a5ae-45c34d01ea29.htm"><span data-tocFile="../toc/IDCBCA.xml" class="icon toggle" onclick="ToggleExpandCollapse(this); return false;"><i class="fa fa-angle-right"> </i></span>Fields</a><ul class="toc-menu is-hidden"> </ul></li></tocItems></toc>