﻿<?xml version="1.0" encoding="utf-8"?><toc><breadcrumbs><li><a href="47f39355-ec5f-ade0-299f-eeb20413a487.htm">Docs</a></li><li><a href="47f39355-ec5f-ade0-299f-eeb20413a487.htm">App<wbr />Gestion<wbr />Personnel Namespaces</a></li><li><a href="a076bae8-cc88-d9fc-0f0f-b8c26bb15a93.htm">App<wbr />Gestion<wbr />Personnel.<wbr />controller</a></li><li><a href="c49d1bb1-0228-b41f-5be9-da52fffbec79.htm">Frm<wbr />Gestion<wbr />Absences<wbr />Controller</a></li><li><a href="6979697e-4a27-66a3-1f46-1cac1a4a3c99.htm">Methods</a></li></breadcrumbs><tocItems><li><a id="9f1af070-43d1-0fdb-c26d-c5e266ebc2c3" href="9f1af070-43d1-0fdb-c26d-c5e266ebc2c3.htm">Ajout<wbr />Absence</a></li><li><a id="e08e429b-dac9-868a-bf1b-1b4522af00d1" href="e08e429b-dac9-868a-bf1b-1b4522af00d1.htm">Get<wbr />Les<wbr />Absences</a></li><li><a id="96d932da-cc2d-fa0e-7399-d3a300e9f081" href="96d932da-cc2d-fa0e-7399-d3a300e9f081.htm">Get<wbr />Les<wbr />Motifs</a></li><li><a id="b312f3e3-1fa9-1e93-c661-5f2514d71b94" href="b312f3e3-1fa9-1e93-c661-5f2514d71b94.htm">Modifier<wbr />Absence</a></li><li><a id="1660b1eb-c40a-8d77-7693-aaf1b72c362e" href="1660b1eb-c40a-8d77-7693-aaf1b72c362e.htm">Supprimer<wbr />Absence</a></li></tocItems></toc>