﻿<?xml version="1.0" encoding="utf-8"?><toc><breadcrumbs><li><a href="47f39355-ec5f-ade0-299f-eeb20413a487.htm">Docs</a></li><li><a href="47f39355-ec5f-ade0-299f-eeb20413a487.htm">App<wbr />Gestion<wbr />Personnel Namespaces</a></li><li><a href="450288b4-0575-c601-95a1-0cb5d953099e.htm">App<wbr />Gestion<wbr />Personnel.<wbr />dal</a></li><li><a href="ec40da3d-2bc7-23e7-f419-cb1afbe6506e.htm">Access</a></li></breadcrumbs><tocItems><li><a id="eb7ccdcd-f8a0-d6c7-5978-8f045fd690b2" href="eb7ccdcd-f8a0-d6c7-5978-8f045fd690b2.htm">Constructor</a></li><li><a id="e6316693-f600-7ceb-aa82-3412399fee43" href="e6316693-f600-7ceb-aa82-3412399fee43.htm">Constructor</a></li><li><a id="80797e65-7a63-e6c6-1316-3b6f181c27cd" class="has-submenu" href="80797e65-7a63-e6c6-1316-3b6f181c27cd.htm"><span data-tocFile="../toc/IDCBDA.xml" class="icon toggle" onclick="ToggleExpandCollapse(this); return false;"><i class="fa fa-angle-right"> </i></span>Properties</a><ul class="toc-menu is-hidden"> </ul></li><li><a id="660704b8-f4f3-93a3-a92d-fafd3deff80b" class="has-submenu" href="660704b8-f4f3-93a3-a92d-fafd3deff80b.htm"><span data-tocFile="../toc/IDDBDA.xml" class="icon toggle" onclick="ToggleExpandCollapse(this); return false;"><i class="fa fa-angle-right"> </i></span>Methods</a><ul class="toc-menu is-hidden"> </ul></li><li><a id="7e017225-8b8e-0d58-0c77-a48d5d224a43" class="has-submenu" href="7e017225-8b8e-0d58-0c77-a48d5d224a43.htm"><span data-tocFile="../toc/IDEBDA.xml" class="icon toggle" onclick="ToggleExpandCollapse(this); return false;"><i class="fa fa-angle-right"> </i></span>Fields</a><ul class="toc-menu is-hidden"> </ul></li></tocItems></toc>