﻿<?xml version="1.0" encoding="utf-8"?><toc><breadcrumbs><li><a href="47f39355-ec5f-ade0-299f-eeb20413a487.htm">Docs</a></li><li><a href="47f39355-ec5f-ade0-299f-eeb20413a487.htm">App<wbr />Gestion<wbr />Personnel Namespaces</a></li><li><a href="450288b4-0575-c601-95a1-0cb5d953099e.htm">App<wbr />Gestion<wbr />Personnel.<wbr />dal</a></li><li><a href="4bce8203-47f7-3a39-7d3f-ea8bf446c946.htm">Personnel<wbr />Access</a></li><li><a href="afd3a845-0714-7625-35ec-be960d55a6b3.htm">Methods</a></li></breadcrumbs><tocItems><li><a id="ce6b75ad-f324-8110-aed3-cbb3d03225db" href="ce6b75ad-f324-8110-aed3-cbb3d03225db.htm">Ajout<wbr />Personnel</a></li><li><a id="426154d6-422f-b605-ac5f-e5d9654600f3" href="426154d6-422f-b605-ac5f-e5d9654600f3.htm">Get<wbr />Les<wbr />Personnels</a></li><li><a id="18068eda-640b-d722-1357-f83fb8a8b3ac" href="18068eda-640b-d722-1357-f83fb8a8b3ac.htm">Modifier<wbr />Personnel</a></li><li><a id="1056ad2a-68ca-edcd-d102-b68ba1f4a577" href="1056ad2a-68ca-edcd-d102-b68ba1f4a577.htm">Supprimer<wbr />Personnel</a></li></tocItems></toc>