﻿<?xml version="1.0" encoding="utf-8"?><toc><breadcrumbs><li><a href="47f39355-ec5f-ade0-299f-eeb20413a487.htm">Docs</a></li><li><a href="47f39355-ec5f-ade0-299f-eeb20413a487.htm">App<wbr />Gestion<wbr />Personnel Namespaces</a></li><li><a href="4fca15c1-cef6-ad64-4a4e-3572dc0cdbdd.htm">App<wbr />Gestion<wbr />Personnel.<wbr />model</a></li><li><a href="798486a5-e2df-2f4f-de46-96786dc7a3d5.htm">Responsable</a></li><li><a href="344c9e96-63b0-cb4c-9bdd-d72e4d0e4a14.htm">Properties</a></li></breadcrumbs><tocItems><li><a id="1b4b1adf-ace8-6261-7c89-8c1885d78ac3" href="1b4b1adf-ace8-6261-7c89-8c1885d78ac3.htm">Login</a></li><li><a id="e839e094-4366-6d5b-6d10-94acc3aed012" href="e839e094-4366-6d5b-6d10-94acc3aed012.htm">Pwd</a></li></tocItems></toc>