﻿<?xml version="1.0" encoding="utf-8"?><toc><breadcrumbs><li><a href="47f39355-ec5f-ade0-299f-eeb20413a487.htm">Docs</a></li><li><a href="47f39355-ec5f-ade0-299f-eeb20413a487.htm">App<wbr />Gestion<wbr />Personnel Namespaces</a></li><li><a href="450288b4-0575-c601-95a1-0cb5d953099e.htm">App<wbr />Gestion<wbr />Personnel.<wbr />dal</a></li><li><a href="89c7ccaa-c32b-d575-c8f7-ce6704c6808a.htm">Responsable<wbr />Access</a></li><li><a href="7bcde3ea-7887-7244-9352-c9010797118c.htm">Methods</a></li></breadcrumbs><tocItems><li><a id="290d2cd0-ccef-2eb6-a2cd-8e375c48ff34" href="290d2cd0-ccef-2eb6-a2cd-8e375c48ff34.htm">Controle<wbr />Authentification</a></li></tocItems></toc>