﻿<?xml version="1.0" encoding="utf-8"?><toc><breadcrumbs><li><a href="47f39355-ec5f-ade0-299f-eeb20413a487.htm">Docs</a></li><li><a href="47f39355-ec5f-ade0-299f-eeb20413a487.htm">App<wbr />Gestion<wbr />Personnel Namespaces</a></li><li><a href="4fca15c1-cef6-ad64-4a4e-3572dc0cdbdd.htm">App<wbr />Gestion<wbr />Personnel.<wbr />model</a></li><li><a href="5be0aced-011f-f4e9-282e-8c53b1b1e2bc.htm">Service</a></li><li><a href="704d4271-56de-7e78-5f9c-4609132b1035.htm">Properties</a></li></breadcrumbs><tocItems><li><a id="866f278d-1a5b-ff72-70d2-2ac02eca5152" href="866f278d-1a5b-ff72-70d2-2ac02eca5152.htm">Idservice</a></li><li><a id="3e1bbaed-8c61-4eca-950d-f174424b8de4" href="3e1bbaed-8c61-4eca-950d-f174424b8de4.htm">Nom</a></li></tocItems></toc>