﻿<?xml version="1.0" encoding="utf-8"?><toc><breadcrumbs><li><a href="47f39355-ec5f-ade0-299f-eeb20413a487.htm">Docs</a></li><li><a href="47f39355-ec5f-ade0-299f-eeb20413a487.htm">App<wbr />Gestion<wbr />Personnel Namespaces</a></li><li><a href="4fca15c1-cef6-ad64-4a4e-3572dc0cdbdd.htm">App<wbr />Gestion<wbr />Personnel.<wbr />model</a></li><li><a href="d30c9d2d-dda3-77d8-1d16-9243d855b140.htm">Motif</a></li></breadcrumbs><tocItems><li><a id="60b336b0-85a9-96ad-d9fe-c20d61ff5428" href="60b336b0-85a9-96ad-d9fe-c20d61ff5428.htm">Constructor</a></li><li><a id="38eee9bc-bde5-d2c9-c6b8-2dfdcd567e36" class="has-submenu" href="38eee9bc-bde5-d2c9-c6b8-2dfdcd567e36.htm"><span data-tocFile="../toc/IDBBEA.xml" class="icon toggle" onclick="ToggleExpandCollapse(this); return false;"><i class="fa fa-angle-right"> </i></span>Properties</a><ul class="toc-menu is-hidden"> </ul></li><li><a id="1faed0f5-4a68-9d23-31fc-ad4ce83ffd10" class="has-submenu" href="1faed0f5-4a68-9d23-31fc-ad4ce83ffd10.htm"><span data-tocFile="../toc/IDCBEA.xml" class="icon toggle" onclick="ToggleExpandCollapse(this); return false;"><i class="fa fa-angle-right"> </i></span>Methods</a><ul class="toc-menu is-hidden"> </ul></li></tocItems></toc>