﻿<?xml version="1.0" encoding="utf-8"?><toc><breadcrumbs><li><a href="47f39355-ec5f-ade0-299f-eeb20413a487.htm">Docs</a></li><li><a href="47f39355-ec5f-ade0-299f-eeb20413a487.htm">App<wbr />Gestion<wbr />Personnel Namespaces</a></li><li><a href="450288b4-0575-c601-95a1-0cb5d953099e.htm">App<wbr />Gestion<wbr />Personnel.<wbr />dal</a></li><li><a href="f14f4e6c-9a77-b69e-1966-761f14476376.htm">Service<wbr />Access</a></li><li><a href="d4f8d600-f470-ce91-0190-4612e9cb87a6.htm">Methods</a></li></breadcrumbs><tocItems><li><a id="aab1c06d-306e-7cee-350b-d98171ed86e2" href="aab1c06d-306e-7cee-350b-d98171ed86e2.htm">Get<wbr />Les<wbr />Services</a></li></tocItems></toc>