﻿<?xml version="1.0" encoding="utf-8"?><toc><breadcrumbs><li><a href="47f39355-ec5f-ade0-299f-eeb20413a487.htm">Docs</a></li><li><a href="47f39355-ec5f-ade0-299f-eeb20413a487.htm">App<wbr />Gestion<wbr />Personnel Namespaces</a></li><li><a href="48c04bdd-c76e-de5c-4b4e-130febae21e7.htm">App<wbr />Gestion<wbr />Personnel.<wbr />view</a></li><li><a href="c26fcd1c-d66f-26d1-c3fa-1cdea0f3be67.htm">Frm<wbr />Gestion<wbr />Absences</a></li></breadcrumbs><tocItems><li><a id="2cb31947-7adf-26d4-bf42-2557853c6aa3" href="2cb31947-7adf-26d4-bf42-2557853c6aa3.htm">Constructor</a></li><li><a id="bcbf8640-ec9e-8f53-e8e4-48ead8d9e5ae" class="has-submenu" href="bcbf8640-ec9e-8f53-e8e4-48ead8d9e5ae.htm"><span data-tocFile="../toc/IDBBFA.xml" class="icon toggle" onclick="ToggleExpandCollapse(this); return false;"><i class="fa fa-angle-right"> </i></span>Methods</a><ul class="toc-menu is-hidden"> </ul></li><li><a id="684b8de4-83e9-2dbe-3e07-040ee52cfe96" class="has-submenu" href="684b8de4-83e9-2dbe-3e07-040ee52cfe96.htm"><span data-tocFile="../toc/IDCBFA.xml" class="icon toggle" onclick="ToggleExpandCollapse(this); return false;"><i class="fa fa-angle-right"> </i></span>Fields</a><ul class="toc-menu is-hidden"> </ul></li></tocItems></toc>