﻿<?xml version="1.0" encoding="utf-8"?><toc><breadcrumbs><li><a href="47f39355-ec5f-ade0-299f-eeb20413a487.htm">Docs</a></li><li><a href="47f39355-ec5f-ade0-299f-eeb20413a487.htm">App<wbr />Gestion<wbr />Personnel Namespaces</a></li><li><a href="48c04bdd-c76e-de5c-4b4e-130febae21e7.htm">App<wbr />Gestion<wbr />Personnel.<wbr />view</a></li><li><a href="5fcacac7-0397-00b5-2d7d-5ed84a9980d2.htm">Frm<wbr />Authentification</a></li><li><a href="08ddae8d-c7c7-d25d-3a15-dbe800d315b6.htm">Fields</a></li></breadcrumbs><tocItems><li><a id="47414b15-61ca-2122-c234-29adbbb0e433" href="47414b15-61ca-2122-c234-29adbbb0e433.htm">Btn<wbr />Connexion</a></li><li><a id="c04435ab-0814-336f-d087-2918d1b836f7" href="c04435ab-0814-336f-d087-2918d1b836f7.htm">components</a></li><li><a id="1d478fb5-067d-e01b-07dc-f908d664fcbd" href="1d478fb5-067d-e01b-07dc-f908d664fcbd.htm">controller</a></li><li><a id="fb568f56-b224-8eb0-0d17-578cc6ee2bdf" href="fb568f56-b224-8eb0-0d17-578cc6ee2bdf.htm">lbl<wbr />Bienvenue</a></li><li><a id="970acf17-2e9d-6c2f-0c6e-eb618236f434" href="970acf17-2e9d-6c2f-0c6e-eb618236f434.htm">lbl<wbr />Connexion</a></li><li><a id="ee5cd11c-5eae-aada-a8b9-3be163253aef" href="ee5cd11c-5eae-aada-a8b9-3be163253aef.htm">lbl<wbr />Erreur<wbr />Login</a></li><li><a id="922c06d7-358e-e42b-a2d7-dbd676881c26" href="922c06d7-358e-e42b-a2d7-dbd676881c26.htm">lbl<wbr />Login</a></li><li><a id="639e2ffd-8698-7ec7-c755-ceefa8bba4fb" href="639e2ffd-8698-7ec7-c755-ceefa8bba4fb.htm">lbl<wbr />Mdp</a></li><li><a id="0c17a2f4-a05f-1085-cee6-e341206aacef" href="0c17a2f4-a05f-1085-cee6-e341206aacef.htm">txt<wbr />Login</a></li><li><a id="4b9e766b-ec4a-4a69-60fd-903efc54cc9a" href="4b9e766b-ec4a-4a69-60fd-903efc54cc9a.htm">txt<wbr />Pwd</a></li></tocItems></toc>