﻿<?xml version="1.0" encoding="utf-8"?><toc><breadcrumbs><li><a href="47f39355-ec5f-ade0-299f-eeb20413a487.htm">Docs</a></li><li><a href="47f39355-ec5f-ade0-299f-eeb20413a487.htm">App<wbr />Gestion<wbr />Personnel Namespaces</a></li><li><a href="a076bae8-cc88-d9fc-0f0f-b8c26bb15a93.htm">App<wbr />Gestion<wbr />Personnel.<wbr />controller</a></li></breadcrumbs><tocItems><li><a id="b717f299-08b0-67fb-9bbe-8dae6ef7de4d" class="has-submenu" href="b717f299-08b0-67fb-9bbe-8dae6ef7de4d.htm"><span data-tocFile="../toc/IDACA.xml" class="icon toggle" onclick="ToggleExpandCollapse(this); return false;"><i class="fa fa-angle-right"> </i></span>App<wbr />Gestion<wbr />Personnel<wbr />Controller<wbr />Doc</a><ul class="toc-menu is-hidden"> </ul></li><li><a id="48fa1fe2-02b8-0288-c9f1-76fdab0a04f0" class="has-submenu" href="48fa1fe2-02b8-0288-c9f1-76fdab0a04f0.htm"><span data-tocFile="../toc/IDBCA.xml" class="icon toggle" onclick="ToggleExpandCollapse(this); return false;"><i class="fa fa-angle-right"> </i></span>Frm<wbr />Authentification<wbr />Controller</a><ul class="toc-menu is-hidden"> </ul></li><li><a id="c49d1bb1-0228-b41f-5be9-da52fffbec79" class="has-submenu" href="c49d1bb1-0228-b41f-5be9-da52fffbec79.htm"><span data-tocFile="../toc/IDCCA.xml" class="icon toggle" onclick="ToggleExpandCollapse(this); return false;"><i class="fa fa-angle-right"> </i></span>Frm<wbr />Gestion<wbr />Absences<wbr />Controller</a><ul class="toc-menu is-hidden"> </ul></li><li><a id="bea3a3e1-4f65-177f-5e1e-418a3b720bba" class="has-submenu" href="bea3a3e1-4f65-177f-5e1e-418a3b720bba.htm"><span data-tocFile="../toc/IDDCA.xml" class="icon toggle" onclick="ToggleExpandCollapse(this); return false;"><i class="fa fa-angle-right"> </i></span>Frm<wbr />Gestion<wbr />Personnel<wbr />Controller</a><ul class="toc-menu is-hidden"> </ul></li></tocItems></toc>