﻿<?xml version="1.0" encoding="utf-8"?><toc><breadcrumbs><li><a href="47f39355-ec5f-ade0-299f-eeb20413a487.htm">Docs</a></li><li><a href="47f39355-ec5f-ade0-299f-eeb20413a487.htm">App<wbr />Gestion<wbr />Personnel Namespaces</a></li><li><a href="450288b4-0575-c601-95a1-0cb5d953099e.htm">App<wbr />Gestion<wbr />Personnel.<wbr />dal</a></li><li><a href="a4dae075-1a0f-393b-d86c-c375c62c5538.htm">Absences<wbr />Access</a></li><li><a href="0c87f6c7-dc3d-9749-8a8e-08f61fe98a2e.htm">Fields</a></li></breadcrumbs><tocItems><li><a id="36f44363-2660-ef98-b7cb-5977cf6d790d" href="36f44363-2660-ef98-b7cb-5977cf6d790d.htm">access</a></li></tocItems></toc>