﻿<?xml version="1.0" encoding="utf-8"?><toc><breadcrumbs><li><a href="47f39355-ec5f-ade0-299f-eeb20413a487.htm">Docs</a></li><li><a href="47f39355-ec5f-ade0-299f-eeb20413a487.htm">App<wbr />Gestion<wbr />Personnel Namespaces</a></li><li><a href="4fca15c1-cef6-ad64-4a4e-3572dc0cdbdd.htm">App<wbr />Gestion<wbr />Personnel.<wbr />model</a></li><li><a href="d30c9d2d-dda3-77d8-1d16-9243d855b140.htm">Motif</a></li><li><a href="1faed0f5-4a68-9d23-31fc-ad4ce83ffd10.htm">Methods</a></li></breadcrumbs><tocItems><li><a id="e972cc6f-3810-1520-6980-a2fa80e8f664" href="e972cc6f-3810-1520-6980-a2fa80e8f664.htm">To<wbr />String</a></li></tocItems></toc>