﻿<?xml version="1.0" encoding="utf-8"?><toc><breadcrumbs><li><a href="47f39355-ec5f-ade0-299f-eeb20413a487.htm">Docs</a></li><li><a href="47f39355-ec5f-ade0-299f-eeb20413a487.htm">App<wbr />Gestion<wbr />Personnel Namespaces</a></li><li><a href="a076bae8-cc88-d9fc-0f0f-b8c26bb15a93.htm">App<wbr />Gestion<wbr />Personnel.<wbr />controller</a></li><li><a href="48fa1fe2-02b8-0288-c9f1-76fdab0a04f0.htm">Frm<wbr />Authentification<wbr />Controller</a></li><li><a href="af035b98-089f-8baa-9b36-59a89f77e23a.htm">Fields</a></li></breadcrumbs><tocItems><li><a id="88dfa3b2-784b-60a7-f80e-4309eb2612a6" href="88dfa3b2-784b-60a7-f80e-4309eb2612a6.htm">responsable<wbr />Access</a></li></tocItems></toc>