﻿<?xml version="1.0" encoding="utf-8"?><toc><breadcrumbs><li><a href="47f39355-ec5f-ade0-299f-eeb20413a487.htm">Docs</a></li><li><a href="47f39355-ec5f-ade0-299f-eeb20413a487.htm">App<wbr />Gestion<wbr />Personnel Namespaces</a></li><li><a href="48c04bdd-c76e-de5c-4b4e-130febae21e7.htm">App<wbr />Gestion<wbr />Personnel.<wbr />view</a></li><li><a href="c26fcd1c-d66f-26d1-c3fa-1cdea0f3be67.htm">Frm<wbr />Gestion<wbr />Absences</a></li><li><a href="684b8de4-83e9-2dbe-3e07-040ee52cfe96.htm">Fields</a></li></breadcrumbs><tocItems><li><a id="ff5287cb-d3ee-434d-705e-e8f0be00b2a7" href="ff5287cb-d3ee-434d-705e-e8f0be00b2a7.htm">absence<wbr />Id<wbr />Temporaire</a></li><li><a id="e83c7816-98b9-7289-29ef-33bd67d6e565" href="e83c7816-98b9-7289-29ef-33bd67d6e565.htm">btn<wbr />Ajout<wbr />Absence</a></li><li><a id="e2e380c1-41aa-44aa-6cdb-e7e36e7cb5e6" href="e2e380c1-41aa-44aa-6cdb-e7e36e7cb5e6.htm">btn<wbr />Annuler<wbr />Action</a></li><li><a id="57f622ad-b8e2-ea81-b4e0-fb6ac386772e" href="57f622ad-b8e2-ea81-b4e0-fb6ac386772e.htm">btn<wbr />Enregistrer<wbr />Absence</a></li><li><a id="5e88eaeb-81de-7900-4767-ad21f72a141c" href="5e88eaeb-81de-7900-4767-ad21f72a141c.htm">btn<wbr />Enregistrer<wbr />Modifications</a></li><li><a id="020946a3-0674-b928-a265-b8628d1b33ec" href="020946a3-0674-b928-a265-b8628d1b33ec.htm">btn<wbr />Modif<wbr />Absence</a></li><li><a id="1f33add2-d953-f181-b645-34c6945e3b7b" href="1f33add2-d953-f181-b645-34c6945e3b7b.htm">btn<wbr />Retour<wbr />Personnel</a></li><li><a id="e84818ba-1711-6ba8-c926-9d9ba5bb3b0b" href="e84818ba-1711-6ba8-c926-9d9ba5bb3b0b.htm">btn<wbr />Supprimer<wbr />Absence</a></li><li><a id="aa33cf44-7fe3-08b3-de8d-2885f32518e6" href="aa33cf44-7fe3-08b3-de8d-2885f32518e6.htm">cbo<wbr />Motif<wbr />Absence</a></li><li><a id="1deffaea-9912-83dc-84c2-37dae93e41f6" href="1deffaea-9912-83dc-84c2-37dae93e41f6.htm">components</a></li><li><a id="6f692e06-ec83-f55e-74b1-9801df149714" href="6f692e06-ec83-f55e-74b1-9801df149714.htm">controller</a></li><li><a id="f4e96698-f7cf-3090-2b7a-c829e36e9deb" href="f4e96698-f7cf-3090-2b7a-c829e36e9deb.htm">dgv<wbr />Absences</a></li><li><a id="176c9c66-74ce-6552-a727-9658d5131084" href="176c9c66-74ce-6552-a727-9658d5131084.htm">dtp<wbr />Debut<wbr />Absence</a></li><li><a id="138d4276-7e68-4525-2094-5a7c27e99b2b" href="138d4276-7e68-4525-2094-5a7c27e99b2b.htm">dtp<wbr />Fin<wbr />Absence</a></li><li><a id="3c21d42c-46f3-73ea-1a57-998f1fe660ca" href="3c21d42c-46f3-73ea-1a57-998f1fe660ca.htm">gbo<wbr />Liste<wbr />Absences</a></li><li><a id="1c6391f9-4e9a-df28-da95-e1a0ed224c21" href="1c6391f9-4e9a-df28-da95-e1a0ed224c21.htm">gbo<wbr />Saisie<wbr />Infos<wbr />Absence</a></li><li><a id="d72ed778-f869-1690-596e-4827fa30c334" href="d72ed778-f869-1690-596e-4827fa30c334.htm">id<wbr />Personnel</a></li><li><a id="d75023a0-7669-e775-1dfc-61ca2e31ce7e" href="d75023a0-7669-e775-1dfc-61ca2e31ce7e.htm">lbl<wbr />Aucune<wbr />Selection</a></li><li><a id="d09839f8-edde-6e81-021e-6ac08552bf82" href="d09839f8-edde-6e81-021e-6ac08552bf82.htm">lbl<wbr />Creneau<wbr />Non<wbr />Libre</a></li><li><a id="06c7785b-4ddc-e324-6454-5cc89ba94f55" href="06c7785b-4ddc-e324-6454-5cc89ba94f55.htm">lbl<wbr />Date<wbr />Debut</a></li><li><a id="d3d1c65e-6aa0-a602-340d-407fe13c8757" href="d3d1c65e-6aa0-a602-340d-407fe13c8757.htm">lbl<wbr />Date<wbr />Fin</a></li><li><a id="4a87b72c-1986-6a4d-a0ea-e5c1417090df" href="4a87b72c-1986-6a4d-a0ea-e5c1417090df.htm">lbl<wbr />Motif</a></li><li><a id="c81630bf-e479-583f-a06a-da89c14c6c7d" href="c81630bf-e479-583f-a06a-da89c14c6c7d.htm">lbl<wbr />Probleme<wbr />Date</a></li><li><a id="d3e21e3e-eef6-2de2-136d-caf15cbc2f96" href="d3e21e3e-eef6-2de2-136d-caf15cbc2f96.htm">lbl<wbr />Saisie<wbr />Absence</a></li></tocItems></toc>