﻿<?xml version="1.0" encoding="utf-8"?><toc><breadcrumbs><li><a href="47f39355-ec5f-ade0-299f-eeb20413a487.htm">Docs</a></li><li><a href="47f39355-ec5f-ade0-299f-eeb20413a487.htm">App<wbr />Gestion<wbr />Personnel Namespaces</a></li><li><a href="450288b4-0575-c601-95a1-0cb5d953099e.htm">App<wbr />Gestion<wbr />Personnel.<wbr />dal</a></li><li><a href="ec40da3d-2bc7-23e7-f419-cb1afbe6506e.htm">Access</a></li><li><a href="80797e65-7a63-e6c6-1316-3b6f181c27cd.htm">Properties</a></li></breadcrumbs><tocItems><li><a id="67c1f006-54b2-0694-9c1d-7469841b3aa0" href="67c1f006-54b2-0694-9c1d-7469841b3aa0.htm">Manager</a></li></tocItems></toc>