﻿<?xml version="1.0" encoding="utf-8"?><toc><breadcrumbs><li><a href="47f39355-ec5f-ade0-299f-eeb20413a487.htm">Docs</a></li><li><a href="47f39355-ec5f-ade0-299f-eeb20413a487.htm">App<wbr />Gestion<wbr />Personnel Namespaces</a></li><li><a href="a076bae8-cc88-d9fc-0f0f-b8c26bb15a93.htm">App<wbr />Gestion<wbr />Personnel.<wbr />controller</a></li><li><a href="c49d1bb1-0228-b41f-5be9-da52fffbec79.htm">Frm<wbr />Gestion<wbr />Absences<wbr />Controller</a></li><li><a href="5a58e0e6-936c-ee9a-a5ae-45c34d01ea29.htm">Fields</a></li></breadcrumbs><tocItems><li><a id="60d5328f-3571-e5c1-c655-16758741357c" href="60d5328f-3571-e5c1-c655-16758741357c.htm">absences<wbr />Access</a></li><li><a id="149f32c9-b4d1-9889-c168-4ce7b41b2b0d" href="149f32c9-b4d1-9889-c168-4ce7b41b2b0d.htm">motif<wbr />Access</a></li></tocItems></toc>