﻿<?xml version="1.0" encoding="utf-8"?><toc><breadcrumbs><li><a href="47f39355-ec5f-ade0-299f-eeb20413a487.htm">Docs</a></li><li><a href="47f39355-ec5f-ade0-299f-eeb20413a487.htm">App<wbr />Gestion<wbr />Personnel Namespaces</a></li><li><a href="450288b4-0575-c601-95a1-0cb5d953099e.htm">App<wbr />Gestion<wbr />Personnel.<wbr />dal</a></li><li><a href="476c02ea-2d26-f54f-395a-2d4e009b041a.htm">Motif<wbr />Access</a></li><li><a href="0ca54929-aa07-6c1b-4255-01cff549d8d8.htm">Fields</a></li></breadcrumbs><tocItems><li><a id="27ad27e0-b36d-bec8-e8d2-5e9014a87425" href="27ad27e0-b36d-bec8-e8d2-5e9014a87425.htm">access</a></li></tocItems></toc>