﻿<?xml version="1.0" encoding="utf-8"?><toc><breadcrumbs><li><a href="47f39355-ec5f-ade0-299f-eeb20413a487.htm">Docs</a></li><li><a href="47f39355-ec5f-ade0-299f-eeb20413a487.htm">App<wbr />Gestion<wbr />Personnel Namespaces</a></li><li><a href="48c04bdd-c76e-de5c-4b4e-130febae21e7.htm">App<wbr />Gestion<wbr />Personnel.<wbr />view</a></li><li><a href="6dc9596b-0f64-5bd4-87b3-d1215ec3fec3.htm">Frm<wbr />Gestion<wbr />Personnel</a></li><li><a href="763615ee-4877-6f06-6195-842832634d2f.htm">Fields</a></li></breadcrumbs><tocItems><li><a id="e92f0cd7-e84c-f653-aa9e-2c1cf68a7698" href="e92f0cd7-e84c-f653-aa9e-2c1cf68a7698.htm">Btn<wbr />Afficher<wbr />Absences</a></li><li><a id="559d81ec-7a7b-4a8e-5381-d920a8a14f6e" href="559d81ec-7a7b-4a8e-5381-d920a8a14f6e.htm">Btn<wbr />Ajouter<wbr />Personnel</a></li><li><a id="4ad0e7eb-6510-6552-4f1c-14e131a4a2bc" href="4ad0e7eb-6510-6552-4f1c-14e131a4a2bc.htm">Btn<wbr />Annuler</a></li><li><a id="119d2f60-aabb-6927-4a30-12d6c1596a58" href="119d2f60-aabb-6927-4a30-12d6c1596a58.htm">Btn<wbr />Deconnexion</a></li><li><a id="60f07dc4-16ab-cba9-5d7e-07b6ffd029fe" href="60f07dc4-16ab-cba9-5d7e-07b6ffd029fe.htm">Btn<wbr />Modifier<wbr />Personnel</a></li><li><a id="7a026f5b-4222-c3aa-6665-ef8187d5ba70" href="7a026f5b-4222-c3aa-6665-ef8187d5ba70.htm">Btn<wbr />Supprimer<wbr />Personnel</a></li><li><a id="59fb9872-313c-d19d-eeac-b79266c4053e" href="59fb9872-313c-d19d-eeac-b79266c4053e.htm">Btn<wbr />Valider<wbr />Ajout</a></li><li><a id="6cf37380-9d70-c531-5b43-3d72810f828f" href="6cf37380-9d70-c531-5b43-3d72810f828f.htm">Btn<wbr />Valider<wbr />Modif</a></li><li><a id="d3b1a8d2-38ba-eecb-7467-6e8cc7c34838" href="d3b1a8d2-38ba-eecb-7467-6e8cc7c34838.htm">button<wbr />1</a></li><li><a id="dd610299-5780-37db-7d57-f04b08f96e89" href="dd610299-5780-37db-7d57-f04b08f96e89.htm">cbo<wbr />Service</a></li><li><a id="7997bf9e-a52b-d0e8-7f59-52b95d767e11" href="7997bf9e-a52b-d0e8-7f59-52b95d767e11.htm">components</a></li><li><a id="b8ed9d4b-e049-5d00-b3ed-cf4d02e93fde" href="b8ed9d4b-e049-5d00-b3ed-cf4d02e93fde.htm">controller</a></li><li><a id="4569282e-1411-6988-30e5-20b11a05e4e2" href="4569282e-1411-6988-30e5-20b11a05e4e2.htm">dgv<wbr />Personnel</a></li><li><a id="8d588f8b-8075-4bde-26b7-4557c5e55af2" href="8d588f8b-8075-4bde-26b7-4557c5e55af2.htm">gbo<wbr />Personnel</a></li><li><a id="62579871-afd9-77e7-66cd-f63319eb7718" href="62579871-afd9-77e7-66cd-f63319eb7718.htm">gbo<wbr />Saisie<wbr />Infos</a></li><li><a id="1b0a08a3-9f59-345e-6525-a4b4e560cf37" href="1b0a08a3-9f59-345e-6525-a4b4e560cf37.htm">lbl<wbr />Aucune<wbr />Selection</a></li><li><a id="624e322a-5f50-74c8-72dd-ddf1e5f69f49" href="624e322a-5f50-74c8-72dd-ddf1e5f69f49.htm">lbl<wbr />Mail</a></li><li><a id="74972f04-de44-8c91-5b93-c260218e9bf4" href="74972f04-de44-8c91-5b93-c260218e9bf4.htm">lbl<wbr />Nom</a></li><li><a id="48814906-542c-805e-d26b-73546877d96c" href="48814906-542c-805e-d26b-73546877d96c.htm">lbl<wbr />Prenom</a></li><li><a id="73ed342a-2c1f-38a7-83bb-3efcb9a5d642" href="73ed342a-2c1f-38a7-83bb-3efcb9a5d642.htm">lbl<wbr />Probleme<wbr />Champs</a></li><li><a id="6ab5e9e5-b1dc-ae36-9dc2-7697d456acbe" href="6ab5e9e5-b1dc-ae36-9dc2-7697d456acbe.htm">lbl<wbr />Saisie<wbr />Infos</a></li><li><a id="d0663d77-33bf-b120-18b1-bba140ce2e37" href="d0663d77-33bf-b120-18b1-bba140ce2e37.htm">lbl<wbr />Service</a></li><li><a id="d4a53c75-a2c8-aba4-26d1-07171b80a55f" href="d4a53c75-a2c8-aba4-26d1-07171b80a55f.htm">lbl<wbr />Tel</a></li><li><a id="ee3067dd-0126-2024-ca77-205871cf21cb" href="ee3067dd-0126-2024-ca77-205871cf21cb.htm">personnel<wbr />Selection</a></li><li><a id="d5c370c0-a91d-1ad1-fa3f-672276e52f2c" href="d5c370c0-a91d-1ad1-fa3f-672276e52f2c.htm">txt<wbr />Mail</a></li><li><a id="bc1ad9c8-55c7-0db3-3a78-de10261a50ed" href="bc1ad9c8-55c7-0db3-3a78-de10261a50ed.htm">txt<wbr />Nom</a></li><li><a id="bf6ce211-94f8-04ce-f66e-79977eea9c3b" href="bf6ce211-94f8-04ce-f66e-79977eea9c3b.htm">txt<wbr />Prenom</a></li><li><a id="8368f840-6036-9be7-bc01-0ec008918b64" href="8368f840-6036-9be7-bc01-0ec008918b64.htm">txt<wbr />Tel</a></li></tocItems></toc>