﻿<?xml version="1.0" encoding="utf-8"?><toc><breadcrumbs><li><a href="47f39355-ec5f-ade0-299f-eeb20413a487.htm">Docs</a></li><li><a href="47f39355-ec5f-ade0-299f-eeb20413a487.htm">App<wbr />Gestion<wbr />Personnel Namespaces</a></li><li><a href="a076bae8-cc88-d9fc-0f0f-b8c26bb15a93.htm">App<wbr />Gestion<wbr />Personnel.<wbr />controller</a></li><li><a href="bea3a3e1-4f65-177f-5e1e-418a3b720bba.htm">Frm<wbr />Gestion<wbr />Personnel<wbr />Controller</a></li><li><a href="6d0d9ae7-b87e-592d-b2bf-4e31e45d8312.htm">Fields</a></li></breadcrumbs><tocItems><li><a id="ec949f88-d477-ce63-5dae-a93080b6acc1" href="ec949f88-d477-ce63-5dae-a93080b6acc1.htm">personnel<wbr />Access</a></li><li><a id="8c0e1692-0e1b-95ce-69a3-ee68f83da98c" href="8c0e1692-0e1b-95ce-69a3-ee68f83da98c.htm">service<wbr />Access</a></li></tocItems></toc>