﻿<?xml version="1.0" encoding="utf-8"?><toc><breadcrumbs><li><a href="47f39355-ec5f-ade0-299f-eeb20413a487.htm">Docs</a></li><li><a href="47f39355-ec5f-ade0-299f-eeb20413a487.htm">App<wbr />Gestion<wbr />Personnel Namespaces</a></li><li><a href="a076bae8-cc88-d9fc-0f0f-b8c26bb15a93.htm">App<wbr />Gestion<wbr />Personnel.<wbr />controller</a></li><li><a href="bea3a3e1-4f65-177f-5e1e-418a3b720bba.htm">Frm<wbr />Gestion<wbr />Personnel<wbr />Controller</a></li></breadcrumbs><tocItems><li><a id="f1e10505-7951-779b-24aa-053d969ccf52" href="f1e10505-7951-779b-24aa-053d969ccf52.htm">Constructor</a></li><li><a id="9725c377-4260-1c5b-8928-100b6b843c99" class="has-submenu" href="9725c377-4260-1c5b-8928-100b6b843c99.htm"><span data-tocFile="../toc/IDBCCA.xml" class="icon toggle" onclick="ToggleExpandCollapse(this); return false;"><i class="fa fa-angle-right"> </i></span>Methods</a><ul class="toc-menu is-hidden"> </ul></li><li><a id="6d0d9ae7-b87e-592d-b2bf-4e31e45d8312" class="has-submenu" href="6d0d9ae7-b87e-592d-b2bf-4e31e45d8312.htm"><span data-tocFile="../toc/IDCCCA.xml" class="icon toggle" onclick="ToggleExpandCollapse(this); return false;"><i class="fa fa-angle-right"> </i></span>Fields</a><ul class="toc-menu is-hidden"> </ul></li></tocItems></toc>