﻿<?xml version="1.0" encoding="utf-8"?><toc><breadcrumbs><li><a href="47f39355-ec5f-ade0-299f-eeb20413a487.htm">Docs</a></li><li><a href="47f39355-ec5f-ade0-299f-eeb20413a487.htm">App<wbr />Gestion<wbr />Personnel Namespaces</a></li><li><a href="450288b4-0575-c601-95a1-0cb5d953099e.htm">App<wbr />Gestion<wbr />Personnel.<wbr />dal</a></li><li><a href="476c02ea-2d26-f54f-395a-2d4e009b041a.htm">Motif<wbr />Access</a></li></breadcrumbs><tocItems><li><a id="53ff3dcb-f363-b5a8-54ee-8c18c79d5da2" href="53ff3dcb-f363-b5a8-54ee-8c18c79d5da2.htm">Constructor</a></li><li><a id="8f6f2f8d-0ea4-06da-ae3b-32ea24e20803" class="has-submenu" href="8f6f2f8d-0ea4-06da-ae3b-32ea24e20803.htm"><span data-tocFile="../toc/IDBCDA.xml" class="icon toggle" onclick="ToggleExpandCollapse(this); return false;"><i class="fa fa-angle-right"> </i></span>Methods</a><ul class="toc-menu is-hidden"> </ul></li><li><a id="0ca54929-aa07-6c1b-4255-01cff549d8d8" class="has-submenu" href="0ca54929-aa07-6c1b-4255-01cff549d8d8.htm"><span data-tocFile="../toc/IDCCDA.xml" class="icon toggle" onclick="ToggleExpandCollapse(this); return false;"><i class="fa fa-angle-right"> </i></span>Fields</a><ul class="toc-menu is-hidden"> </ul></li></tocItems></toc>