﻿<?xml version="1.0" encoding="utf-8"?><toc><breadcrumbs><li><a href="47f39355-ec5f-ade0-299f-eeb20413a487.htm">Docs</a></li><li><a href="47f39355-ec5f-ade0-299f-eeb20413a487.htm">App<wbr />Gestion<wbr />Personnel Namespaces</a></li><li><a href="450288b4-0575-c601-95a1-0cb5d953099e.htm">App<wbr />Gestion<wbr />Personnel.<wbr />dal</a></li><li><a href="4bce8203-47f7-3a39-7d3f-ea8bf446c946.htm">Personnel<wbr />Access</a></li><li><a href="2c428fb5-580d-aace-da64-4155f687ed16.htm">Fields</a></li></breadcrumbs><tocItems><li><a id="b4fcf6da-4b74-a6af-28e1-69aa0ed476da" href="b4fcf6da-4b74-a6af-28e1-69aa0ed476da.htm">access</a></li></tocItems></toc>