﻿<?xml version="1.0" encoding="utf-8"?><toc><breadcrumbs><li><a href="47f39355-ec5f-ade0-299f-eeb20413a487.htm">Docs</a></li><li><a href="47f39355-ec5f-ade0-299f-eeb20413a487.htm">App<wbr />Gestion<wbr />Personnel Namespaces</a></li><li><a href="450288b4-0575-c601-95a1-0cb5d953099e.htm">App<wbr />Gestion<wbr />Personnel.<wbr />dal</a></li><li><a href="89c7ccaa-c32b-d575-c8f7-ce6704c6808a.htm">Responsable<wbr />Access</a></li><li><a href="dac07783-ac96-c0db-67d3-7fd5beb2c8bd.htm">Fields</a></li></breadcrumbs><tocItems><li><a id="6a59d210-bce5-8195-09a0-72278ec4abe5" href="6a59d210-bce5-8195-09a0-72278ec4abe5.htm">access</a></li></tocItems></toc>