﻿<?xml version="1.0" encoding="utf-8"?><toc><breadcrumbs><li><a href="47f39355-ec5f-ade0-299f-eeb20413a487.htm">Docs</a></li><li><a href="47f39355-ec5f-ade0-299f-eeb20413a487.htm">App<wbr />Gestion<wbr />Personnel Namespaces</a></li><li><a href="4fca15c1-cef6-ad64-4a4e-3572dc0cdbdd.htm">App<wbr />Gestion<wbr />Personnel.<wbr />model</a></li><li><a href="3c81163c-46aa-6d90-e28c-eb454218cae5.htm">Personnel</a></li></breadcrumbs><tocItems><li><a id="fd7233a1-c19a-ab04-33fb-93c292224af1" href="fd7233a1-c19a-ab04-33fb-93c292224af1.htm">Constructor</a></li><li><a id="1ad04b2f-33b1-c87d-6e9d-7107b349823c" class="has-submenu" href="1ad04b2f-33b1-c87d-6e9d-7107b349823c.htm"><span data-tocFile="../toc/IDBCEA.xml" class="icon toggle" onclick="ToggleExpandCollapse(this); return false;"><i class="fa fa-angle-right"> </i></span>Properties</a><ul class="toc-menu is-hidden"> </ul></li></tocItems></toc>