﻿<?xml version="1.0" encoding="utf-8"?><toc><breadcrumbs><li><a href="47f39355-ec5f-ade0-299f-eeb20413a487.htm">Docs</a></li><li><a href="47f39355-ec5f-ade0-299f-eeb20413a487.htm">App<wbr />Gestion<wbr />Personnel Namespaces</a></li><li><a href="4fca15c1-cef6-ad64-4a4e-3572dc0cdbdd.htm">App<wbr />Gestion<wbr />Personnel.<wbr />model</a></li><li><a href="5be0aced-011f-f4e9-282e-8c53b1b1e2bc.htm">Service</a></li><li><a href="752f6527-ebab-4640-3915-895d0cb2067d.htm">Methods</a></li></breadcrumbs><tocItems><li><a id="12d09d12-4595-ea4e-d97a-779e49b9725e" href="12d09d12-4595-ea4e-d97a-779e49b9725e.htm">To<wbr />String</a></li></tocItems></toc>