﻿<?xml version="1.0" encoding="utf-8"?><toc><breadcrumbs><li><a href="47f39355-ec5f-ade0-299f-eeb20413a487.htm">Docs</a></li><li><a href="47f39355-ec5f-ade0-299f-eeb20413a487.htm">App<wbr />Gestion<wbr />Personnel Namespaces</a></li><li><a href="48c04bdd-c76e-de5c-4b4e-130febae21e7.htm">App<wbr />Gestion<wbr />Personnel.<wbr />view</a></li><li><a href="6dc9596b-0f64-5bd4-87b3-d1215ec3fec3.htm">Frm<wbr />Gestion<wbr />Personnel</a></li></breadcrumbs><tocItems><li><a id="63745f73-eec9-1915-7cdc-05d1f4aa870c" href="63745f73-eec9-1915-7cdc-05d1f4aa870c.htm">Constructor</a></li><li><a id="f0fa36b2-befc-d0d0-6566-fca4f7c6a0e6" class="has-submenu" href="f0fa36b2-befc-d0d0-6566-fca4f7c6a0e6.htm"><span data-tocFile="../toc/IDBCFA.xml" class="icon toggle" onclick="ToggleExpandCollapse(this); return false;"><i class="fa fa-angle-right"> </i></span>Methods</a><ul class="toc-menu is-hidden"> </ul></li><li><a id="763615ee-4877-6f06-6195-842832634d2f" class="has-submenu" href="763615ee-4877-6f06-6195-842832634d2f.htm"><span data-tocFile="../toc/IDCCFA.xml" class="icon toggle" onclick="ToggleExpandCollapse(this); return false;"><i class="fa fa-angle-right"> </i></span>Fields</a><ul class="toc-menu is-hidden"> </ul></li></tocItems></toc>