﻿<?xml version="1.0" encoding="utf-8"?><toc><breadcrumbs><li><a href="47f39355-ec5f-ade0-299f-eeb20413a487.htm">Docs</a></li><li><a href="47f39355-ec5f-ade0-299f-eeb20413a487.htm">App<wbr />Gestion<wbr />Personnel Namespaces</a></li><li><a href="450288b4-0575-c601-95a1-0cb5d953099e.htm">App<wbr />Gestion<wbr />Personnel.<wbr />dal</a></li><li><a href="f14f4e6c-9a77-b69e-1966-761f14476376.htm">Service<wbr />Access</a></li><li><a href="64b2499b-72b7-2e36-6ba8-80b179491b59.htm">Fields</a></li></breadcrumbs><tocItems><li><a id="ad18a70f-b6ff-3744-4375-3e234e386514" href="ad18a70f-b6ff-3744-4375-3e234e386514.htm">access</a></li></tocItems></toc>