﻿<?xml version="1.0" encoding="utf-8"?><toc><breadcrumbs><li><a href="47f39355-ec5f-ade0-299f-eeb20413a487.htm">Docs</a></li><li><a href="47f39355-ec5f-ade0-299f-eeb20413a487.htm">App<wbr />Gestion<wbr />Personnel Namespaces</a></li><li><a href="450288b4-0575-c601-95a1-0cb5d953099e.htm">App<wbr />Gestion<wbr />Personnel.<wbr />dal</a></li></breadcrumbs><tocItems><li><a id="a4dae075-1a0f-393b-d86c-c375c62c5538" class="has-submenu" href="a4dae075-1a0f-393b-d86c-c375c62c5538.htm"><span data-tocFile="../toc/IDADA.xml" class="icon toggle" onclick="ToggleExpandCollapse(this); return false;"><i class="fa fa-angle-right"> </i></span>Absences<wbr />Access</a><ul class="toc-menu is-hidden"> </ul></li><li><a id="ec40da3d-2bc7-23e7-f419-cb1afbe6506e" class="has-submenu" href="ec40da3d-2bc7-23e7-f419-cb1afbe6506e.htm"><span data-tocFile="../toc/IDBDA.xml" class="icon toggle" onclick="ToggleExpandCollapse(this); return false;"><i class="fa fa-angle-right"> </i></span>Access</a><ul class="toc-menu is-hidden"> </ul></li><li><a id="476c02ea-2d26-f54f-395a-2d4e009b041a" class="has-submenu" href="476c02ea-2d26-f54f-395a-2d4e009b041a.htm"><span data-tocFile="../toc/IDCDA.xml" class="icon toggle" onclick="ToggleExpandCollapse(this); return false;"><i class="fa fa-angle-right"> </i></span>Motif<wbr />Access</a><ul class="toc-menu is-hidden"> </ul></li><li><a id="4bce8203-47f7-3a39-7d3f-ea8bf446c946" class="has-submenu" href="4bce8203-47f7-3a39-7d3f-ea8bf446c946.htm"><span data-tocFile="../toc/IDDDA.xml" class="icon toggle" onclick="ToggleExpandCollapse(this); return false;"><i class="fa fa-angle-right"> </i></span>Personnel<wbr />Access</a><ul class="toc-menu is-hidden"> </ul></li><li><a id="89c7ccaa-c32b-d575-c8f7-ce6704c6808a" class="has-submenu" href="89c7ccaa-c32b-d575-c8f7-ce6704c6808a.htm"><span data-tocFile="../toc/IDEDA.xml" class="icon toggle" onclick="ToggleExpandCollapse(this); return false;"><i class="fa fa-angle-right"> </i></span>Responsable<wbr />Access</a><ul class="toc-menu is-hidden"> </ul></li><li><a id="f14f4e6c-9a77-b69e-1966-761f14476376" class="has-submenu" href="f14f4e6c-9a77-b69e-1966-761f14476376.htm"><span data-tocFile="../toc/IDFDA.xml" class="icon toggle" onclick="ToggleExpandCollapse(this); return false;"><i class="fa fa-angle-right"> </i></span>Service<wbr />Access</a><ul class="toc-menu is-hidden"> </ul></li></tocItems></toc>