﻿<?xml version="1.0" encoding="utf-8"?><toc><breadcrumbs><li><a href="47f39355-ec5f-ade0-299f-eeb20413a487.htm">Docs</a></li><li><a href="47f39355-ec5f-ade0-299f-eeb20413a487.htm">App<wbr />Gestion<wbr />Personnel Namespaces</a></li><li><a href="450288b4-0575-c601-95a1-0cb5d953099e.htm">App<wbr />Gestion<wbr />Personnel.<wbr />dal</a></li><li><a href="4bce8203-47f7-3a39-7d3f-ea8bf446c946.htm">Personnel<wbr />Access</a></li></breadcrumbs><tocItems><li><a id="52cc3fc7-8d7c-bf9d-8abb-7abd2fdc7d3a" href="52cc3fc7-8d7c-bf9d-8abb-7abd2fdc7d3a.htm">Constructor</a></li><li><a id="afd3a845-0714-7625-35ec-be960d55a6b3" class="has-submenu" href="afd3a845-0714-7625-35ec-be960d55a6b3.htm"><span data-tocFile="../toc/IDBDDA.xml" class="icon toggle" onclick="ToggleExpandCollapse(this); return false;"><i class="fa fa-angle-right"> </i></span>Methods</a><ul class="toc-menu is-hidden"> </ul></li><li><a id="2c428fb5-580d-aace-da64-4155f687ed16" class="has-submenu" href="2c428fb5-580d-aace-da64-4155f687ed16.htm"><span data-tocFile="../toc/IDCDDA.xml" class="icon toggle" onclick="ToggleExpandCollapse(this); return false;"><i class="fa fa-angle-right"> </i></span>Fields</a><ul class="toc-menu is-hidden"> </ul></li></tocItems></toc>