﻿<?xml version="1.0" encoding="utf-8"?><toc><breadcrumbs><li><a href="47f39355-ec5f-ade0-299f-eeb20413a487.htm">Docs</a></li><li><a href="47f39355-ec5f-ade0-299f-eeb20413a487.htm">App<wbr />Gestion<wbr />Personnel Namespaces</a></li><li><a href="4fca15c1-cef6-ad64-4a4e-3572dc0cdbdd.htm">App<wbr />Gestion<wbr />Personnel.<wbr />model</a></li><li><a href="798486a5-e2df-2f4f-de46-96786dc7a3d5.htm">Responsable</a></li></breadcrumbs><tocItems><li><a id="67827d42-4e99-cc04-1bed-359de924acb3" href="67827d42-4e99-cc04-1bed-359de924acb3.htm">Constructor</a></li><li><a id="344c9e96-63b0-cb4c-9bdd-d72e4d0e4a14" class="has-submenu" href="344c9e96-63b0-cb4c-9bdd-d72e4d0e4a14.htm"><span data-tocFile="../toc/IDBDEA.xml" class="icon toggle" onclick="ToggleExpandCollapse(this); return false;"><i class="fa fa-angle-right"> </i></span>Properties</a><ul class="toc-menu is-hidden"> </ul></li></tocItems></toc>