﻿<?xml version="1.0" encoding="utf-8"?><toc><breadcrumbs><li><a href="47f39355-ec5f-ade0-299f-eeb20413a487.htm">Docs</a></li><li><a href="47f39355-ec5f-ade0-299f-eeb20413a487.htm">App<wbr />Gestion<wbr />Personnel Namespaces</a></li><li><a href="4fca15c1-cef6-ad64-4a4e-3572dc0cdbdd.htm">App<wbr />Gestion<wbr />Personnel.<wbr />model</a></li></breadcrumbs><tocItems><li><a id="a5e6497d-9715-5512-ebe2-922bf11e3569" class="has-submenu" href="a5e6497d-9715-5512-ebe2-922bf11e3569.htm"><span data-tocFile="../toc/IDAEA.xml" class="icon toggle" onclick="ToggleExpandCollapse(this); return false;"><i class="fa fa-angle-right"> </i></span>Absences</a><ul class="toc-menu is-hidden"> </ul></li><li><a id="d30c9d2d-dda3-77d8-1d16-9243d855b140" class="has-submenu" href="d30c9d2d-dda3-77d8-1d16-9243d855b140.htm"><span data-tocFile="../toc/IDBEA.xml" class="icon toggle" onclick="ToggleExpandCollapse(this); return false;"><i class="fa fa-angle-right"> </i></span>Motif</a><ul class="toc-menu is-hidden"> </ul></li><li><a id="3c81163c-46aa-6d90-e28c-eb454218cae5" class="has-submenu" href="3c81163c-46aa-6d90-e28c-eb454218cae5.htm"><span data-tocFile="../toc/IDCEA.xml" class="icon toggle" onclick="ToggleExpandCollapse(this); return false;"><i class="fa fa-angle-right"> </i></span>Personnel</a><ul class="toc-menu is-hidden"> </ul></li><li><a id="798486a5-e2df-2f4f-de46-96786dc7a3d5" class="has-submenu" href="798486a5-e2df-2f4f-de46-96786dc7a3d5.htm"><span data-tocFile="../toc/IDDEA.xml" class="icon toggle" onclick="ToggleExpandCollapse(this); return false;"><i class="fa fa-angle-right"> </i></span>Responsable</a><ul class="toc-menu is-hidden"> </ul></li><li><a id="5be0aced-011f-f4e9-282e-8c53b1b1e2bc" class="has-submenu" href="5be0aced-011f-f4e9-282e-8c53b1b1e2bc.htm"><span data-tocFile="../toc/IDEEA.xml" class="icon toggle" onclick="ToggleExpandCollapse(this); return false;"><i class="fa fa-angle-right"> </i></span>Service</a><ul class="toc-menu is-hidden"> </ul></li></tocItems></toc>