﻿<?xml version="1.0" encoding="utf-8"?><toc><breadcrumbs><li><a href="47f39355-ec5f-ade0-299f-eeb20413a487.htm">Docs</a></li><li><a href="47f39355-ec5f-ade0-299f-eeb20413a487.htm">App<wbr />Gestion<wbr />Personnel Namespaces</a></li><li><a href="450288b4-0575-c601-95a1-0cb5d953099e.htm">App<wbr />Gestion<wbr />Personnel.<wbr />dal</a></li><li><a href="89c7ccaa-c32b-d575-c8f7-ce6704c6808a.htm">Responsable<wbr />Access</a></li></breadcrumbs><tocItems><li><a id="dc2992eb-aecb-d404-288c-fac49c02c063" href="dc2992eb-aecb-d404-288c-fac49c02c063.htm">Constructor</a></li><li><a id="7bcde3ea-7887-7244-9352-c9010797118c" class="has-submenu" href="7bcde3ea-7887-7244-9352-c9010797118c.htm"><span data-tocFile="../toc/IDBEDA.xml" class="icon toggle" onclick="ToggleExpandCollapse(this); return false;"><i class="fa fa-angle-right"> </i></span>Methods</a><ul class="toc-menu is-hidden"> </ul></li><li><a id="dac07783-ac96-c0db-67d3-7fd5beb2c8bd" class="has-submenu" href="dac07783-ac96-c0db-67d3-7fd5beb2c8bd.htm"><span data-tocFile="../toc/IDCEDA.xml" class="icon toggle" onclick="ToggleExpandCollapse(this); return false;"><i class="fa fa-angle-right"> </i></span>Fields</a><ul class="toc-menu is-hidden"> </ul></li></tocItems></toc>