﻿<?xml version="1.0" encoding="utf-8"?><toc><breadcrumbs><li><a href="47f39355-ec5f-ade0-299f-eeb20413a487.htm">Docs</a></li><li><a href="47f39355-ec5f-ade0-299f-eeb20413a487.htm">App<wbr />Gestion<wbr />Personnel Namespaces</a></li><li><a href="4fca15c1-cef6-ad64-4a4e-3572dc0cdbdd.htm">App<wbr />Gestion<wbr />Personnel.<wbr />model</a></li><li><a href="5be0aced-011f-f4e9-282e-8c53b1b1e2bc.htm">Service</a></li></breadcrumbs><tocItems><li><a id="7d91aece-214c-2c9e-9f35-528ad8f56163" href="7d91aece-214c-2c9e-9f35-528ad8f56163.htm">Constructor</a></li><li><a id="704d4271-56de-7e78-5f9c-4609132b1035" class="has-submenu" href="704d4271-56de-7e78-5f9c-4609132b1035.htm"><span data-tocFile="../toc/IDBEEA.xml" class="icon toggle" onclick="ToggleExpandCollapse(this); return false;"><i class="fa fa-angle-right"> </i></span>Properties</a><ul class="toc-menu is-hidden"> </ul></li><li><a id="752f6527-ebab-4640-3915-895d0cb2067d" class="has-submenu" href="752f6527-ebab-4640-3915-895d0cb2067d.htm"><span data-tocFile="../toc/IDCEEA.xml" class="icon toggle" onclick="ToggleExpandCollapse(this); return false;"><i class="fa fa-angle-right"> </i></span>Methods</a><ul class="toc-menu is-hidden"> </ul></li></tocItems></toc>