﻿<?xml version="1.0" encoding="utf-8"?><toc><breadcrumbs><li><a href="47f39355-ec5f-ade0-299f-eeb20413a487.htm">Docs</a></li><li><a href="47f39355-ec5f-ade0-299f-eeb20413a487.htm">App<wbr />Gestion<wbr />Personnel Namespaces</a></li><li><a href="48c04bdd-c76e-de5c-4b4e-130febae21e7.htm">App<wbr />Gestion<wbr />Personnel.<wbr />view</a></li></breadcrumbs><tocItems><li><a id="5fcacac7-0397-00b5-2d7d-5ed84a9980d2" class="has-submenu" href="5fcacac7-0397-00b5-2d7d-5ed84a9980d2.htm"><span data-tocFile="../toc/IDAFA.xml" class="icon toggle" onclick="ToggleExpandCollapse(this); return false;"><i class="fa fa-angle-right"> </i></span>Frm<wbr />Authentification</a><ul class="toc-menu is-hidden"> </ul></li><li><a id="c26fcd1c-d66f-26d1-c3fa-1cdea0f3be67" class="has-submenu" href="c26fcd1c-d66f-26d1-c3fa-1cdea0f3be67.htm"><span data-tocFile="../toc/IDBFA.xml" class="icon toggle" onclick="ToggleExpandCollapse(this); return false;"><i class="fa fa-angle-right"> </i></span>Frm<wbr />Gestion<wbr />Absences</a><ul class="toc-menu is-hidden"> </ul></li><li><a id="6dc9596b-0f64-5bd4-87b3-d1215ec3fec3" class="has-submenu" href="6dc9596b-0f64-5bd4-87b3-d1215ec3fec3.htm"><span data-tocFile="../toc/IDCFA.xml" class="icon toggle" onclick="ToggleExpandCollapse(this); return false;"><i class="fa fa-angle-right"> </i></span>Frm<wbr />Gestion<wbr />Personnel</a><ul class="toc-menu is-hidden"> </ul></li></tocItems></toc>