﻿<?xml version="1.0" encoding="utf-8"?><toc><breadcrumbs><li><a href="47f39355-ec5f-ade0-299f-eeb20413a487.htm">Docs</a></li><li><a href="47f39355-ec5f-ade0-299f-eeb20413a487.htm">App<wbr />Gestion<wbr />Personnel Namespaces</a></li><li><a href="450288b4-0575-c601-95a1-0cb5d953099e.htm">App<wbr />Gestion<wbr />Personnel.<wbr />dal</a></li><li><a href="f14f4e6c-9a77-b69e-1966-761f14476376.htm">Service<wbr />Access</a></li></breadcrumbs><tocItems><li><a id="60ab48f1-cb07-7230-ad03-50faf26ea545" href="60ab48f1-cb07-7230-ad03-50faf26ea545.htm">Constructor</a></li><li><a id="d4f8d600-f470-ce91-0190-4612e9cb87a6" class="has-submenu" href="d4f8d600-f470-ce91-0190-4612e9cb87a6.htm"><span data-tocFile="../toc/IDBFDA.xml" class="icon toggle" onclick="ToggleExpandCollapse(this); return false;"><i class="fa fa-angle-right"> </i></span>Methods</a><ul class="toc-menu is-hidden"> </ul></li><li><a id="64b2499b-72b7-2e36-6ba8-80b179491b59" class="has-submenu" href="64b2499b-72b7-2e36-6ba8-80b179491b59.htm"><span data-tocFile="../toc/IDCFDA.xml" class="icon toggle" onclick="ToggleExpandCollapse(this); return false;"><i class="fa fa-angle-right"> </i></span>Fields</a><ul class="toc-menu is-hidden"> </ul></li></tocItems></toc>