﻿<?xml version="1.0" encoding="utf-8"?><toc><breadcrumbs><li><a href="47f39355-ec5f-ade0-299f-eeb20413a487.htm">Docs</a></li></breadcrumbs><tocItems><li><a id="47f39355-ec5f-ade0-299f-eeb20413a487" class="has-submenu" href="47f39355-ec5f-ade0-299f-eeb20413a487.htm"><span data-tocFile="../toc/IDA.xml" class="icon toggle" onclick="ToggleExpandCollapse(this); return false;"><i class="fa fa-angle-right"> </i></span>App<wbr />Gestion<wbr />Personnel Namespaces</a><ul class="toc-menu is-hidden"> </ul></li></tocItems></toc>