﻿<?xml version="1.0" encoding="utf-8"?><toc><breadcrumbs><li><a href="f6fa6843-a69d-b250-4dd5-59df2b9e8559.htm">Docs</a></li><li><a href="f6fa6843-a69d-b250-4dd5-59df2b9e8559.htm">App<wbr />Gestion<wbr />Personnel</a></li></breadcrumbs><tocItems><li><a id="ad9ccfec-80c9-3d61-847c-34247ab3def9" class="has-submenu" href="ad9ccfec-80c9-3d61-847c-34247ab3def9.htm"><span data-tocFile="../toc/IDAA.xml" class="icon toggle" onclick="ToggleExpandCollapse(this); return false;"><i class="fa fa-angle-right"> </i></span>Frm<wbr />Authentification</a><ul class="toc-menu is-hidden"> </ul></li><li><a id="3d542e89-d684-cb53-77ba-8bc627561ba3" class="has-submenu" href="3d542e89-d684-cb53-77ba-8bc627561ba3.htm"><span data-tocFile="../toc/IDBA.xml" class="icon toggle" onclick="ToggleExpandCollapse(this); return false;"><i class="fa fa-angle-right"> </i></span>Names<wbr />Space<wbr />Doc</a><ul class="toc-menu is-hidden"> </ul></li><li><a id="eee00923-e9fb-8ca4-af01-18570511372f" class="has-submenu" href="eee00923-e9fb-8ca4-af01-18570511372f.htm"><span data-tocFile="../toc/IDCA.xml" class="icon toggle" onclick="ToggleExpandCollapse(this); return false;"><i class="fa fa-angle-right"> </i></span>Program</a><ul class="toc-menu is-hidden"> </ul></li></tocItems></toc>