﻿<?xml version="1.0" encoding="utf-8"?><toc><breadcrumbs><li><a href="f6fa6843-a69d-b250-4dd5-59df2b9e8559.htm">Docs</a></li><li><a href="f6fa6843-a69d-b250-4dd5-59df2b9e8559.htm">App<wbr />Gestion<wbr />Personnel</a></li><li><a href="ad9ccfec-80c9-3d61-847c-34247ab3def9.htm">Frm<wbr />Authentification</a></li></breadcrumbs><tocItems><li><a id="52f204df-dbc3-3706-b3d4-ab9fc491ea08" href="52f204df-dbc3-3706-b3d4-ab9fc491ea08.htm">Constructor</a></li><li><a id="7b70608f-1b26-4cdb-9e3b-97ad8000d34d" href="7b70608f-1b26-4cdb-9e3b-97ad8000d34d.htm">Properties</a></li><li><a id="6eb086c0-717e-245f-1acb-b5db62521b1f" class="has-submenu" href="6eb086c0-717e-245f-1acb-b5db62521b1f.htm"><span data-tocFile="../toc/IDCAA.xml" class="icon toggle" onclick="ToggleExpandCollapse(this); return false;"><i class="fa fa-angle-right"> </i></span>Methods</a><ul class="toc-menu is-hidden"> </ul></li><li><a id="bcf783cf-5b07-8f05-45f8-49eb4e1b4347" href="bcf783cf-5b07-8f05-45f8-49eb4e1b4347.htm">Events</a></li><li><a id="64774c4a-d9a6-31fd-5b75-1561e10ef210" class="has-submenu" href="64774c4a-d9a6-31fd-5b75-1561e10ef210.htm"><span data-tocFile="../toc/IDEAA.xml" class="icon toggle" onclick="ToggleExpandCollapse(this); return false;"><i class="fa fa-angle-right"> </i></span>Fields</a><ul class="toc-menu is-hidden"> </ul></li></tocItems></toc>