﻿<?xml version="1.0" encoding="utf-8"?><toc><breadcrumbs><li><a href="f6fa6843-a69d-b250-4dd5-59df2b9e8559.htm">Docs</a></li><li><a href="48c04bdd-c76e-de5c-4b4e-130febae21e7.htm">App<wbr />Gestion<wbr />Personnel.<wbr />view</a></li><li><a href="c26fcd1c-d66f-26d1-c3fa-1cdea0f3be67.htm">Frm<wbr />Gestion<wbr />Absences</a></li><li><a href="bcbf8640-ec9e-8f53-e8e4-48ead8d9e5ae.htm">Methods</a></li><li><a href="55c62222-9cd4-5142-c89d-d957cb5483e4.htm">Dispose</a></li></breadcrumbs><tocItems><li><a id="d3433cea-75bc-0448-3779-eeed7ed911e1" href="d3433cea-75bc-0448-3779-eeed7ed911e1.htm">Dispose(<wbr />Boolean)</a></li></tocItems></toc>