﻿<?xml version="1.0" encoding="utf-8"?><toc><breadcrumbs><li><a href="f6fa6843-a69d-b250-4dd5-59df2b9e8559.htm">Docs</a></li><li><a href="f6fa6843-a69d-b250-4dd5-59df2b9e8559.htm">App<wbr />Gestion<wbr />Personnel</a></li><li><a href="ad9ccfec-80c9-3d61-847c-34247ab3def9.htm">Frm<wbr />Authentification</a></li><li><a href="6eb086c0-717e-245f-1acb-b5db62521b1f.htm">Methods</a></li><li><a href="d5a5b767-0da6-b20c-2fd9-b072ef848914.htm">Dispose</a></li></breadcrumbs><tocItems><li><a id="6ab80ce4-b5b8-e955-4b51-b548c1012ff7" href="6ab80ce4-b5b8-e955-4b51-b548c1012ff7.htm">Dispose(<wbr />Boolean)</a></li></tocItems></toc>