﻿<?xml version="1.0" encoding="utf-8"?><toc><breadcrumbs><li><a href="f6fa6843-a69d-b250-4dd5-59df2b9e8559.htm">Docs</a></li><li><a href="48c04bdd-c76e-de5c-4b4e-130febae21e7.htm">App<wbr />Gestion<wbr />Personnel.<wbr />view</a></li><li><a href="6dc9596b-0f64-5bd4-87b3-d1215ec3fec3.htm">Frm<wbr />Gestion<wbr />Personnel</a></li><li><a href="f0fa36b2-befc-d0d0-6566-fca4f7c6a0e6.htm">Methods</a></li><li><a href="eea9cec0-bc75-d653-3b88-e7eececfa88e.htm">Dispose</a></li></breadcrumbs><tocItems><li><a id="b77276c6-853e-4d73-15bc-9dfb18efb26f" href="b77276c6-853e-4d73-15bc-9dfb18efb26f.htm">Dispose(<wbr />Boolean)</a></li></tocItems></toc>