﻿<?xml version="1.0" encoding="utf-8"?><toc><breadcrumbs><li><a href="f6fa6843-a69d-b250-4dd5-59df2b9e8559.htm">Docs</a></li><li><a href="450288b4-0575-c601-95a1-0cb5d953099e.htm">App<wbr />Gestion<wbr />Personnel.<wbr />dal</a></li><li><a href="a4dae075-1a0f-393b-d86c-c375c62c5538.htm">Absences<wbr />Access</a></li></breadcrumbs><tocItems><li><a id="d777b382-5697-5610-0135-f0424b1a5171" href="d777b382-5697-5610-0135-f0424b1a5171.htm">Constructor</a></li><li><a id="5ef106b9-3b30-87b5-d958-4410c23851fb" href="5ef106b9-3b30-87b5-d958-4410c23851fb.htm">Methods</a></li></tocItems></toc>