﻿<?xml version="1.0" encoding="utf-8"?><toc><breadcrumbs><li><a href="f6fa6843-a69d-b250-4dd5-59df2b9e8559.htm">Docs</a></li><li><a href="4fca15c1-cef6-ad64-4a4e-3572dc0cdbdd.htm">App<wbr />Gestion<wbr />Personnel.<wbr />model</a></li><li><a href="a5e6497d-9715-5512-ebe2-922bf11e3569.htm">Absences</a></li></breadcrumbs><tocItems><li><a id="0681100a-a2ef-90e7-a810-10bbed7e59ec" href="0681100a-a2ef-90e7-a810-10bbed7e59ec.htm">Constructor</a></li><li><a id="d3ec3182-12e8-edc9-4227-9a23d3360886" href="d3ec3182-12e8-edc9-4227-9a23d3360886.htm">Methods</a></li></tocItems></toc>