﻿<?xml version="1.0" encoding="utf-8"?><toc><breadcrumbs><li><a href="f6fa6843-a69d-b250-4dd5-59df2b9e8559.htm">Docs</a></li><li><a href="48c04bdd-c76e-de5c-4b4e-130febae21e7.htm">App<wbr />Gestion<wbr />Personnel.<wbr />view</a></li><li><a href="c26fcd1c-d66f-26d1-c3fa-1cdea0f3be67.htm">Frm<wbr />Gestion<wbr />Absences</a></li></breadcrumbs><tocItems><li><a id="78e710c6-e9b6-3692-b62b-0f9da3e4c669" href="78e710c6-e9b6-3692-b62b-0f9da3e4c669.htm">Constructor</a></li><li><a id="144ca3ba-48fd-eedd-8efa-98bd2347b4ae" href="144ca3ba-48fd-eedd-8efa-98bd2347b4ae.htm">Properties</a></li><li><a id="bcbf8640-ec9e-8f53-e8e4-48ead8d9e5ae" class="has-submenu" href="bcbf8640-ec9e-8f53-e8e4-48ead8d9e5ae.htm"><span data-tocFile="../toc/IDCAE.xml" class="icon toggle" onclick="ToggleExpandCollapse(this); return false;"><i class="fa fa-angle-right"> </i></span>Methods</a><ul class="toc-menu is-hidden"> </ul></li><li><a id="a6410bdb-a40f-b078-aa6a-3b4a8c110ca9" href="a6410bdb-a40f-b078-aa6a-3b4a8c110ca9.htm">Events</a></li><li><a id="684b8de4-83e9-2dbe-3e07-040ee52cfe96" class="has-submenu" href="684b8de4-83e9-2dbe-3e07-040ee52cfe96.htm"><span data-tocFile="../toc/IDEAE.xml" class="icon toggle" onclick="ToggleExpandCollapse(this); return false;"><i class="fa fa-angle-right"> </i></span>Fields</a><ul class="toc-menu is-hidden"> </ul></li></tocItems></toc>