﻿<?xml version="1.0" encoding="utf-8"?><toc><breadcrumbs><li><a href="f6fa6843-a69d-b250-4dd5-59df2b9e8559.htm">Docs</a></li><li><a href="760ec31f-81f5-0a55-9bbe-c7d059561ff2.htm">App<wbr />Gestion<wbr />Personnel.<wbr />bddmanager</a></li><li><a href="90479a5b-b4bc-9ce4-9e09-20b27173af3a.htm">Bdd<wbr />Manager</a></li><li><a href="3c6f3f05-505b-c5c5-3445-3771ae309a24.htm">Methods</a></li></breadcrumbs><tocItems><li><a id="bef8fe6f-0f2b-25ef-64b2-c71f0c58cad6" href="bef8fe6f-0f2b-25ef-64b2-c71f0c58cad6.htm">Get<wbr />Instance</a></li><li><a id="f30b7278-19eb-3c5f-c535-f4a1e0b77e71" href="f30b7278-19eb-3c5f-c535-f4a1e0b77e71.htm">Req<wbr />Select</a></li><li><a id="3bff4453-9104-4754-ce18-8ba90eb8c16d" href="3bff4453-9104-4754-ce18-8ba90eb8c16d.htm">Req<wbr />Update</a></li></tocItems></toc>