﻿<?xml version="1.0" encoding="utf-8"?><toc><breadcrumbs><li><a href="f6fa6843-a69d-b250-4dd5-59df2b9e8559.htm">Docs</a></li><li><a href="f6fa6843-a69d-b250-4dd5-59df2b9e8559.htm">App<wbr />Gestion<wbr />Personnel</a></li><li><a href="3d542e89-d684-cb53-77ba-8bc627561ba3.htm">Names<wbr />Space<wbr />Doc</a></li></breadcrumbs><tocItems><li><a id="69c3ed6c-306f-383a-32dd-8688442a8f27" href="69c3ed6c-306f-383a-32dd-8688442a8f27.htm">Constructor</a></li><li><a id="a58c533c-a07a-6636-645f-8cc5fd89caab" href="a58c533c-a07a-6636-645f-8cc5fd89caab.htm">Methods</a></li></tocItems></toc>