﻿<?xml version="1.0" encoding="utf-8"?><toc><breadcrumbs><li><a href="f6fa6843-a69d-b250-4dd5-59df2b9e8559.htm">Docs</a></li><li><a href="4fca15c1-cef6-ad64-4a4e-3572dc0cdbdd.htm">App<wbr />Gestion<wbr />Personnel.<wbr />model</a></li><li><a href="c199e33a-761b-0032-bf85-496008df5178.htm">Motif<wbr />Absence</a></li></breadcrumbs><tocItems><li><a id="84e5e01b-b11d-e4a1-7fbf-41e648f05c9e" href="84e5e01b-b11d-e4a1-7fbf-41e648f05c9e.htm">Constructor</a></li><li><a id="1a504f59-e1cf-a8b0-b473-e604bae8bc4c" href="1a504f59-e1cf-a8b0-b473-e604bae8bc4c.htm">Methods</a></li></tocItems></toc>