﻿<?xml version="1.0" encoding="utf-8"?><toc><breadcrumbs><li><a href="f6fa6843-a69d-b250-4dd5-59df2b9e8559.htm">Docs</a></li><li><a href="48c04bdd-c76e-de5c-4b4e-130febae21e7.htm">App<wbr />Gestion<wbr />Personnel.<wbr />view</a></li><li><a href="6dc9596b-0f64-5bd4-87b3-d1215ec3fec3.htm">Frm<wbr />Gestion<wbr />Personnel</a></li></breadcrumbs><tocItems><li><a id="63745f73-eec9-1915-7cdc-05d1f4aa870c" href="63745f73-eec9-1915-7cdc-05d1f4aa870c.htm">Constructor</a></li><li><a id="dcbbe508-1cad-8824-993b-a59ae1a42c32" href="dcbbe508-1cad-8824-993b-a59ae1a42c32.htm">Properties</a></li><li><a id="f0fa36b2-befc-d0d0-6566-fca4f7c6a0e6" class="has-submenu" href="f0fa36b2-befc-d0d0-6566-fca4f7c6a0e6.htm"><span data-tocFile="../toc/IDCBE.xml" class="icon toggle" onclick="ToggleExpandCollapse(this); return false;"><i class="fa fa-angle-right"> </i></span>Methods</a><ul class="toc-menu is-hidden"> </ul></li><li><a id="2288b918-764d-fa32-5f19-fb234d0ab45b" href="2288b918-764d-fa32-5f19-fb234d0ab45b.htm">Events</a></li><li><a id="763615ee-4877-6f06-6195-842832634d2f" class="has-submenu" href="763615ee-4877-6f06-6195-842832634d2f.htm"><span data-tocFile="../toc/IDEBE.xml" class="icon toggle" onclick="ToggleExpandCollapse(this); return false;"><i class="fa fa-angle-right"> </i></span>Fields</a><ul class="toc-menu is-hidden"> </ul></li></tocItems></toc>