﻿<?xml version="1.0" encoding="utf-8"?><toc><breadcrumbs><li><a href="f6fa6843-a69d-b250-4dd5-59df2b9e8559.htm">Docs</a></li><li><a href="450288b4-0575-c601-95a1-0cb5d953099e.htm">App<wbr />Gestion<wbr />Personnel.<wbr />dal</a></li></breadcrumbs><tocItems><li><a id="a4dae075-1a0f-393b-d86c-c375c62c5538" class="has-submenu" href="a4dae075-1a0f-393b-d86c-c375c62c5538.htm"><span data-tocFile="../toc/IDAC.xml" class="icon toggle" onclick="ToggleExpandCollapse(this); return false;"><i class="fa fa-angle-right"> </i></span>Absences<wbr />Access</a><ul class="toc-menu is-hidden"> </ul></li><li><a id="ec40da3d-2bc7-23e7-f419-cb1afbe6506e" class="has-submenu" href="ec40da3d-2bc7-23e7-f419-cb1afbe6506e.htm"><span data-tocFile="../toc/IDBC.xml" class="icon toggle" onclick="ToggleExpandCollapse(this); return false;"><i class="fa fa-angle-right"> </i></span>Access</a><ul class="toc-menu is-hidden"> </ul></li><li><a id="9433e896-4428-61e6-ee33-7a55d5156a0b" class="has-submenu" href="9433e896-4428-61e6-ee33-7a55d5156a0b.htm"><span data-tocFile="../toc/IDCC.xml" class="icon toggle" onclick="ToggleExpandCollapse(this); return false;"><i class="fa fa-angle-right"> </i></span>Motif<wbr />Absence<wbr />Access</a><ul class="toc-menu is-hidden"> </ul></li><li><a id="4bce8203-47f7-3a39-7d3f-ea8bf446c946" class="has-submenu" href="4bce8203-47f7-3a39-7d3f-ea8bf446c946.htm"><span data-tocFile="../toc/IDDC.xml" class="icon toggle" onclick="ToggleExpandCollapse(this); return false;"><i class="fa fa-angle-right"> </i></span>Personnel<wbr />Access</a><ul class="toc-menu is-hidden"> </ul></li><li><a id="b8612f1b-de1b-d8b9-c481-fe05855cbcf5" class="has-submenu" href="b8612f1b-de1b-d8b9-c481-fe05855cbcf5.htm"><span data-tocFile="../toc/IDEC.xml" class="icon toggle" onclick="ToggleExpandCollapse(this); return false;"><i class="fa fa-angle-right"> </i></span>Service<wbr />Personnel<wbr />Access</a><ul class="toc-menu is-hidden"> </ul></li></tocItems></toc>