﻿<?xml version="1.0" encoding="utf-8"?><toc><breadcrumbs><li><a href="f6fa6843-a69d-b250-4dd5-59df2b9e8559.htm">Docs</a></li><li><a href="48c04bdd-c76e-de5c-4b4e-130febae21e7.htm">App<wbr />Gestion<wbr />Personnel.<wbr />view</a></li><li><a href="c26fcd1c-d66f-26d1-c3fa-1cdea0f3be67.htm">Frm<wbr />Gestion<wbr />Absences</a></li><li><a href="bcbf8640-ec9e-8f53-e8e4-48ead8d9e5ae.htm">Methods</a></li></breadcrumbs><tocItems><li><a id="55c62222-9cd4-5142-c89d-d957cb5483e4" class="has-submenu" href="55c62222-9cd4-5142-c89d-d957cb5483e4.htm"><span data-tocFile="../toc/IDACAE.xml" class="icon toggle" onclick="ToggleExpandCollapse(this); return false;"><i class="fa fa-angle-right"> </i></span>Dispose</a><ul class="toc-menu is-hidden"> </ul></li><li><a id="f6066401-c02b-9556-c674-e61f63d6b0ac" href="f6066401-c02b-9556-c674-e61f63d6b0ac.htm">Initialize<wbr />Component</a></li></tocItems></toc>