﻿<?xml version="1.0" encoding="utf-8"?><toc><breadcrumbs><li><a href="f6fa6843-a69d-b250-4dd5-59df2b9e8559.htm">Docs</a></li><li><a href="760ec31f-81f5-0a55-9bbe-c7d059561ff2.htm">App<wbr />Gestion<wbr />Personnel.<wbr />bddmanager</a></li><li><a href="90479a5b-b4bc-9ce4-9e09-20b27173af3a.htm">Bdd<wbr />Manager</a></li><li><a href="9388a63f-45a4-218e-b28b-8b72eff8890e.htm">Fields</a></li></breadcrumbs><tocItems><li><a id="18b38d57-ffa0-a01d-843f-0b31cc4ab30b" href="18b38d57-ffa0-a01d-843f-0b31cc4ab30b.htm">connection</a></li><li><a id="867f0631-f110-06c3-9e12-6e1d8197928b" href="867f0631-f110-06c3-9e12-6e1d8197928b.htm">instance</a></li></tocItems></toc>