﻿<?xml version="1.0" encoding="utf-8"?><toc><breadcrumbs><li><a href="f6fa6843-a69d-b250-4dd5-59df2b9e8559.htm">Docs</a></li><li><a href="f6fa6843-a69d-b250-4dd5-59df2b9e8559.htm">App<wbr />Gestion<wbr />Personnel</a></li><li><a href="ad9ccfec-80c9-3d61-847c-34247ab3def9.htm">Frm<wbr />Authentification</a></li><li><a href="6eb086c0-717e-245f-1acb-b5db62521b1f.htm">Methods</a></li></breadcrumbs><tocItems><li><a id="d5a5b767-0da6-b20c-2fd9-b072ef848914" class="has-submenu" href="d5a5b767-0da6-b20c-2fd9-b072ef848914.htm"><span data-tocFile="../toc/IDACAA.xml" class="icon toggle" onclick="ToggleExpandCollapse(this); return false;"><i class="fa fa-angle-right"> </i></span>Dispose</a><ul class="toc-menu is-hidden"> </ul></li><li><a id="437832e2-4bb5-5d90-c1db-9610cec1304c" href="437832e2-4bb5-5d90-c1db-9610cec1304c.htm">Initialize<wbr />Component</a></li></tocItems></toc>