﻿<?xml version="1.0" encoding="utf-8"?><toc><breadcrumbs><li><a href="f6fa6843-a69d-b250-4dd5-59df2b9e8559.htm">Docs</a></li><li><a href="48c04bdd-c76e-de5c-4b4e-130febae21e7.htm">App<wbr />Gestion<wbr />Personnel.<wbr />view</a></li><li><a href="6dc9596b-0f64-5bd4-87b3-d1215ec3fec3.htm">Frm<wbr />Gestion<wbr />Personnel</a></li><li><a href="f0fa36b2-befc-d0d0-6566-fca4f7c6a0e6.htm">Methods</a></li></breadcrumbs><tocItems><li><a id="eea9cec0-bc75-d653-3b88-e7eececfa88e" class="has-submenu" href="eea9cec0-bc75-d653-3b88-e7eececfa88e.htm"><span data-tocFile="../toc/IDACBE.xml" class="icon toggle" onclick="ToggleExpandCollapse(this); return false;"><i class="fa fa-angle-right"> </i></span>Dispose</a><ul class="toc-menu is-hidden"> </ul></li><li><a id="0c775482-ae96-8885-65f1-1b33b3a990f3" href="0c775482-ae96-8885-65f1-1b33b3a990f3.htm">Initialize<wbr />Component</a></li></tocItems></toc>