﻿<?xml version="1.0" encoding="utf-8"?><toc><breadcrumbs><li><a href="f6fa6843-a69d-b250-4dd5-59df2b9e8559.htm">Docs</a></li><li><a href="450288b4-0575-c601-95a1-0cb5d953099e.htm">App<wbr />Gestion<wbr />Personnel.<wbr />dal</a></li><li><a href="9433e896-4428-61e6-ee33-7a55d5156a0b.htm">Motif<wbr />Absence<wbr />Access</a></li></breadcrumbs><tocItems><li><a id="98b48a0e-e6e2-a6ca-2ede-5e7ed7ec2468" href="98b48a0e-e6e2-a6ca-2ede-5e7ed7ec2468.htm">Constructor</a></li><li><a id="acb8a3b2-13a9-9bf4-b673-1544de2c52e4" href="acb8a3b2-13a9-9bf4-b673-1544de2c52e4.htm">Methods</a></li></tocItems></toc>