﻿<?xml version="1.0" encoding="utf-8"?><toc><breadcrumbs><li><a href="f6fa6843-a69d-b250-4dd5-59df2b9e8559.htm">Docs</a></li><li><a href="4fca15c1-cef6-ad64-4a4e-3572dc0cdbdd.htm">App<wbr />Gestion<wbr />Personnel.<wbr />model</a></li><li><a href="3c81163c-46aa-6d90-e28c-eb454218cae5.htm">Personnel</a></li></breadcrumbs><tocItems><li><a id="b3fc151e-b71f-06c6-7df3-1e8f8e903ea3" href="b3fc151e-b71f-06c6-7df3-1e8f8e903ea3.htm">Constructor</a></li><li><a id="c7bac7e5-fb36-0c23-7bd6-13479efe2c41" href="c7bac7e5-fb36-0c23-7bd6-13479efe2c41.htm">Methods</a></li></tocItems></toc>