﻿<?xml version="1.0" encoding="utf-8"?><toc><breadcrumbs><li><a href="f6fa6843-a69d-b250-4dd5-59df2b9e8559.htm">Docs</a></li><li><a href="4fca15c1-cef6-ad64-4a4e-3572dc0cdbdd.htm">App<wbr />Gestion<wbr />Personnel.<wbr />model</a></li></breadcrumbs><tocItems><li><a id="a5e6497d-9715-5512-ebe2-922bf11e3569" class="has-submenu" href="a5e6497d-9715-5512-ebe2-922bf11e3569.htm"><span data-tocFile="../toc/IDAD.xml" class="icon toggle" onclick="ToggleExpandCollapse(this); return false;"><i class="fa fa-angle-right"> </i></span>Absences</a><ul class="toc-menu is-hidden"> </ul></li><li><a id="c199e33a-761b-0032-bf85-496008df5178" class="has-submenu" href="c199e33a-761b-0032-bf85-496008df5178.htm"><span data-tocFile="../toc/IDBD.xml" class="icon toggle" onclick="ToggleExpandCollapse(this); return false;"><i class="fa fa-angle-right"> </i></span>Motif<wbr />Absence</a><ul class="toc-menu is-hidden"> </ul></li><li><a id="3c81163c-46aa-6d90-e28c-eb454218cae5" class="has-submenu" href="3c81163c-46aa-6d90-e28c-eb454218cae5.htm"><span data-tocFile="../toc/IDCD.xml" class="icon toggle" onclick="ToggleExpandCollapse(this); return false;"><i class="fa fa-angle-right"> </i></span>Personnel</a><ul class="toc-menu is-hidden"> </ul></li><li><a id="798486a5-e2df-2f4f-de46-96786dc7a3d5" class="has-submenu" href="798486a5-e2df-2f4f-de46-96786dc7a3d5.htm"><span data-tocFile="../toc/IDDD.xml" class="icon toggle" onclick="ToggleExpandCollapse(this); return false;"><i class="fa fa-angle-right"> </i></span>Responsable</a><ul class="toc-menu is-hidden"> </ul></li><li><a id="cbfa7fe7-0e01-f887-dac3-e50f3c65f1d0" class="has-submenu" href="cbfa7fe7-0e01-f887-dac3-e50f3c65f1d0.htm"><span data-tocFile="../toc/IDED.xml" class="icon toggle" onclick="ToggleExpandCollapse(this); return false;"><i class="fa fa-angle-right"> </i></span>Service<wbr />Personnel</a><ul class="toc-menu is-hidden"> </ul></li></tocItems></toc>