﻿<?xml version="1.0" encoding="utf-8"?><toc><breadcrumbs><li><a href="f6fa6843-a69d-b250-4dd5-59df2b9e8559.htm">Docs</a></li><li><a href="450288b4-0575-c601-95a1-0cb5d953099e.htm">App<wbr />Gestion<wbr />Personnel.<wbr />dal</a></li><li><a href="ec40da3d-2bc7-23e7-f419-cb1afbe6506e.htm">Access</a></li><li><a href="660704b8-f4f3-93a3-a92d-fafd3deff80b.htm">Methods</a></li></breadcrumbs><tocItems><li><a id="6aac2697-ddf4-6a97-596f-dcef92059707" href="6aac2697-ddf4-6a97-596f-dcef92059707.htm">Get<wbr />Instance</a></li></tocItems></toc>