﻿<?xml version="1.0" encoding="utf-8"?><toc><breadcrumbs><li><a href="f6fa6843-a69d-b250-4dd5-59df2b9e8559.htm">Docs</a></li><li><a href="450288b4-0575-c601-95a1-0cb5d953099e.htm">App<wbr />Gestion<wbr />Personnel.<wbr />dal</a></li><li><a href="4bce8203-47f7-3a39-7d3f-ea8bf446c946.htm">Personnel<wbr />Access</a></li></breadcrumbs><tocItems><li><a id="52cc3fc7-8d7c-bf9d-8abb-7abd2fdc7d3a" href="52cc3fc7-8d7c-bf9d-8abb-7abd2fdc7d3a.htm">Constructor</a></li><li><a id="afd3a845-0714-7625-35ec-be960d55a6b3" href="afd3a845-0714-7625-35ec-be960d55a6b3.htm">Methods</a></li></tocItems></toc>