﻿<?xml version="1.0" encoding="utf-8"?><toc><breadcrumbs><li><a href="f6fa6843-a69d-b250-4dd5-59df2b9e8559.htm">Docs</a></li><li><a href="4fca15c1-cef6-ad64-4a4e-3572dc0cdbdd.htm">App<wbr />Gestion<wbr />Personnel.<wbr />model</a></li><li><a href="798486a5-e2df-2f4f-de46-96786dc7a3d5.htm">Responsable</a></li></breadcrumbs><tocItems><li><a id="1590bc20-7bda-f84d-2bda-c2b46bc91ba2" href="1590bc20-7bda-f84d-2bda-c2b46bc91ba2.htm">Constructor</a></li><li><a id="ffc96b21-72d2-b2de-5ba1-c1d535fb0e30" href="ffc96b21-72d2-b2de-5ba1-c1d535fb0e30.htm">Methods</a></li></tocItems></toc>