﻿<?xml version="1.0" encoding="utf-8"?><toc><breadcrumbs><li><a href="f6fa6843-a69d-b250-4dd5-59df2b9e8559.htm">Docs</a></li><li><a href="48c04bdd-c76e-de5c-4b4e-130febae21e7.htm">App<wbr />Gestion<wbr />Personnel.<wbr />view</a></li></breadcrumbs><tocItems><li><a id="c26fcd1c-d66f-26d1-c3fa-1cdea0f3be67" class="has-submenu" href="c26fcd1c-d66f-26d1-c3fa-1cdea0f3be67.htm"><span data-tocFile="../toc/IDAE.xml" class="icon toggle" onclick="ToggleExpandCollapse(this); return false;"><i class="fa fa-angle-right"> </i></span>Frm<wbr />Gestion<wbr />Absences</a><ul class="toc-menu is-hidden"> </ul></li><li><a id="6dc9596b-0f64-5bd4-87b3-d1215ec3fec3" class="has-submenu" href="6dc9596b-0f64-5bd4-87b3-d1215ec3fec3.htm"><span data-tocFile="../toc/IDBE.xml" class="icon toggle" onclick="ToggleExpandCollapse(this); return false;"><i class="fa fa-angle-right"> </i></span>Frm<wbr />Gestion<wbr />Personnel</a><ul class="toc-menu is-hidden"> </ul></li></tocItems></toc>