﻿<?xml version="1.0" encoding="utf-8"?><toc><breadcrumbs><li><a href="f6fa6843-a69d-b250-4dd5-59df2b9e8559.htm">Docs</a></li><li><a href="f6fa6843-a69d-b250-4dd5-59df2b9e8559.htm">App<wbr />Gestion<wbr />Personnel</a></li><li><a href="ad9ccfec-80c9-3d61-847c-34247ab3def9.htm">Frm<wbr />Authentification</a></li><li><a href="64774c4a-d9a6-31fd-5b75-1561e10ef210.htm">Fields</a></li></breadcrumbs><tocItems><li><a id="f8387052-c6e8-aebd-71c2-8ec867fcbf85" href="f8387052-c6e8-aebd-71c2-8ec867fcbf85.htm">btn<wbr />Connexion</a></li><li><a id="e95ab925-4d48-6587-45e3-bee6a2ac460c" href="e95ab925-4d48-6587-45e3-bee6a2ac460c.htm">components</a></li><li><a id="a9339c35-9365-1939-046d-356f76158891" href="a9339c35-9365-1939-046d-356f76158891.htm">lbl<wbr />Bienvenue</a></li><li><a id="a6f0d2e4-c858-7b33-fbf9-c7244bf31688" href="a6f0d2e4-c858-7b33-fbf9-c7244bf31688.htm">lbl<wbr />Connexion</a></li><li><a id="4350b3ea-92c3-8874-efcb-ba601d5ce2de" href="4350b3ea-92c3-8874-efcb-ba601d5ce2de.htm">lbl<wbr />Erreur<wbr />Login</a></li><li><a id="1a1921eb-7b66-40ff-d07f-efce09a078a4" href="1a1921eb-7b66-40ff-d07f-efce09a078a4.htm">lbl<wbr />Login</a></li><li><a id="8ca8ce16-d75a-b31f-b1b8-bff5c5eab453" href="8ca8ce16-d75a-b31f-b1b8-bff5c5eab453.htm">lbl<wbr />Mdp</a></li><li><a id="99b1cc24-26f4-5b2b-1a6a-d79c2479da2b" href="99b1cc24-26f4-5b2b-1a6a-d79c2479da2b.htm">txt<wbr />Login</a></li><li><a id="a8f8b4f5-861c-b7c9-3503-e95c55d24912" href="a8f8b4f5-861c-b7c9-3503-e95c55d24912.htm">txt<wbr />Mdp</a></li></tocItems></toc>