﻿<?xml version="1.0" encoding="utf-8"?><toc><breadcrumbs><li><a href="f6fa6843-a69d-b250-4dd5-59df2b9e8559.htm">Docs</a></li><li><a href="48c04bdd-c76e-de5c-4b4e-130febae21e7.htm">App<wbr />Gestion<wbr />Personnel.<wbr />view</a></li><li><a href="6dc9596b-0f64-5bd4-87b3-d1215ec3fec3.htm">Frm<wbr />Gestion<wbr />Personnel</a></li><li><a href="763615ee-4877-6f06-6195-842832634d2f.htm">Fields</a></li></breadcrumbs><tocItems><li><a id="548e6f8c-692a-9842-0894-ff92c0306d8f" href="548e6f8c-692a-9842-0894-ff92c0306d8f.htm">btn<wbr />Afficher<wbr />Absences</a></li><li><a id="6f194873-ea18-c1b1-a660-9727cb4ca240" href="6f194873-ea18-c1b1-a660-9727cb4ca240.htm">btn<wbr />Ajouter<wbr />Personnel</a></li><li><a id="dde849a8-5855-7271-186e-17db55fa093a" href="dde849a8-5855-7271-186e-17db55fa093a.htm">btn<wbr />Annuler</a></li><li><a id="34f54232-a20e-e332-7b99-dc81f282d600" href="34f54232-a20e-e332-7b99-dc81f282d600.htm">btn<wbr />Deconnexion</a></li><li><a id="c90a7366-2dcb-7512-9daf-2f470568f29a" href="c90a7366-2dcb-7512-9daf-2f470568f29a.htm">btn<wbr />Modifier<wbr />Personnel</a></li><li><a id="9c13ff21-dfb8-abc1-b470-2896120f0661" href="9c13ff21-dfb8-abc1-b470-2896120f0661.htm">btn<wbr />Supprimer<wbr />Personnel</a></li><li><a id="afb96c00-60e0-8995-e6ad-cd197c869d56" href="afb96c00-60e0-8995-e6ad-cd197c869d56.htm">btn<wbr />Valider<wbr />Ajout</a></li><li><a id="1ed0f299-02bc-eebe-fba0-ccc0699be819" href="1ed0f299-02bc-eebe-fba0-ccc0699be819.htm">btn<wbr />Valider<wbr />Modif</a></li><li><a id="d3b1a8d2-38ba-eecb-7467-6e8cc7c34838" href="d3b1a8d2-38ba-eecb-7467-6e8cc7c34838.htm">button<wbr />1</a></li><li><a id="dd610299-5780-37db-7d57-f04b08f96e89" href="dd610299-5780-37db-7d57-f04b08f96e89.htm">cbo<wbr />Service</a></li><li><a id="7997bf9e-a52b-d0e8-7f59-52b95d767e11" href="7997bf9e-a52b-d0e8-7f59-52b95d767e11.htm">components</a></li><li><a id="4569282e-1411-6988-30e5-20b11a05e4e2" href="4569282e-1411-6988-30e5-20b11a05e4e2.htm">dgv<wbr />Personnel</a></li><li><a id="8d588f8b-8075-4bde-26b7-4557c5e55af2" href="8d588f8b-8075-4bde-26b7-4557c5e55af2.htm">gbo<wbr />Personnel</a></li><li><a id="62579871-afd9-77e7-66cd-f63319eb7718" href="62579871-afd9-77e7-66cd-f63319eb7718.htm">gbo<wbr />Saisie<wbr />Infos</a></li><li><a id="a29bf06f-11fb-4849-1678-6b0b6492da84" href="a29bf06f-11fb-4849-1678-6b0b6492da84.htm">label<wbr />1</a></li><li><a id="e6bc4b3a-12a1-23cc-325a-2158aaa50ebc" href="e6bc4b3a-12a1-23cc-325a-2158aaa50ebc.htm">label<wbr />2</a></li><li><a id="624e322a-5f50-74c8-72dd-ddf1e5f69f49" href="624e322a-5f50-74c8-72dd-ddf1e5f69f49.htm">lbl<wbr />Mail</a></li><li><a id="74972f04-de44-8c91-5b93-c260218e9bf4" href="74972f04-de44-8c91-5b93-c260218e9bf4.htm">lbl<wbr />Nom</a></li><li><a id="48814906-542c-805e-d26b-73546877d96c" href="48814906-542c-805e-d26b-73546877d96c.htm">lbl<wbr />Prenom</a></li><li><a id="6ab5e9e5-b1dc-ae36-9dc2-7697d456acbe" href="6ab5e9e5-b1dc-ae36-9dc2-7697d456acbe.htm">lbl<wbr />Saisie<wbr />Infos</a></li><li><a id="d0663d77-33bf-b120-18b1-bba140ce2e37" href="d0663d77-33bf-b120-18b1-bba140ce2e37.htm">lbl<wbr />Service</a></li><li><a id="d4a53c75-a2c8-aba4-26d1-07171b80a55f" href="d4a53c75-a2c8-aba4-26d1-07171b80a55f.htm">lbl<wbr />Tel</a></li><li><a id="d5c370c0-a91d-1ad1-fa3f-672276e52f2c" href="d5c370c0-a91d-1ad1-fa3f-672276e52f2c.htm">txt<wbr />Mail</a></li><li><a id="bc1ad9c8-55c7-0db3-3a78-de10261a50ed" href="bc1ad9c8-55c7-0db3-3a78-de10261a50ed.htm">txt<wbr />Nom</a></li><li><a id="bf6ce211-94f8-04ce-f66e-79977eea9c3b" href="bf6ce211-94f8-04ce-f66e-79977eea9c3b.htm">txt<wbr />Prenom</a></li><li><a id="8368f840-6036-9be7-bc01-0ec008918b64" href="8368f840-6036-9be7-bc01-0ec008918b64.htm">txt<wbr />Tel</a></li></tocItems></toc>