﻿<?xml version="1.0" encoding="utf-8"?><toc><breadcrumbs><li><a href="f6fa6843-a69d-b250-4dd5-59df2b9e8559.htm">Docs</a></li><li><a href="450288b4-0575-c601-95a1-0cb5d953099e.htm">App<wbr />Gestion<wbr />Personnel.<wbr />dal</a></li><li><a href="ec40da3d-2bc7-23e7-f419-cb1afbe6506e.htm">Access</a></li><li><a href="7e017225-8b8e-0d58-0c77-a48d5d224a43.htm">Fields</a></li></breadcrumbs><tocItems><li><a id="3eb4c166-afd5-7fec-308f-a5401d0dcf78" href="3eb4c166-afd5-7fec-308f-a5401d0dcf78.htm">connection<wbr />String</a></li><li><a id="041ca502-a1aa-8b68-9f0f-8889931bedd9" href="041ca502-a1aa-8b68-9f0f-8889931bedd9.htm">instance</a></li></tocItems></toc>