﻿<?xml version="1.0" encoding="utf-8"?><toc><breadcrumbs><li><a href="f6fa6843-a69d-b250-4dd5-59df2b9e8559.htm">Docs</a></li><li><a href="450288b4-0575-c601-95a1-0cb5d953099e.htm">App<wbr />Gestion<wbr />Personnel.<wbr />dal</a></li><li><a href="b8612f1b-de1b-d8b9-c481-fe05855cbcf5.htm">Service<wbr />Personnel<wbr />Access</a></li></breadcrumbs><tocItems><li><a id="21c260df-d12d-7fc7-ea91-368a4f55a52a" href="21c260df-d12d-7fc7-ea91-368a4f55a52a.htm">Constructor</a></li><li><a id="10bb4ada-a92e-e035-553e-5f7e9fb1e321" href="10bb4ada-a92e-e035-553e-5f7e9fb1e321.htm">Methods</a></li></tocItems></toc>