﻿<?xml version="1.0" encoding="utf-8"?><toc><breadcrumbs><li><a href="f6fa6843-a69d-b250-4dd5-59df2b9e8559.htm">Docs</a></li><li><a href="4fca15c1-cef6-ad64-4a4e-3572dc0cdbdd.htm">App<wbr />Gestion<wbr />Personnel.<wbr />model</a></li><li><a href="cbfa7fe7-0e01-f887-dac3-e50f3c65f1d0.htm">Service<wbr />Personnel</a></li></breadcrumbs><tocItems><li><a id="04f80afa-6d76-2d77-9faf-135d79caefeb" href="04f80afa-6d76-2d77-9faf-135d79caefeb.htm">Constructor</a></li><li><a id="a786a01c-7be1-f992-993f-2a22e51516d8" href="a786a01c-7be1-f992-993f-2a22e51516d8.htm">Methods</a></li></tocItems></toc>